image,label
img_3290.jpg, 41
img_1958.jpg, 25
img_4245.jpg, 51
img_2661.jpg, 33
img_1047.jpg, 14
img_957.jpg, 13
img_3097.jpg, 39
img_784.jpg, 11
img_4238.jpg, 51
img_1707.jpg, 24
img_2016.jpg, 26
img_4279.jpg, 51
img_1307.jpg, 17
img_4452.jpg, 53
img_639.jpg, 9
img_243.jpg, 4
img_1833.jpg, 24
img_4445.jpg, 53
img_3004.jpg, 37
img_3903.jpg, 47
img_570.jpg, 8
img_3187.jpg, 39
img_1953.jpg, 25
img_1566.jpg, 21
img_3081.jpg, 39
img_4686.jpg, 3
img_853.jpg, 12
img_4776.jpg, 11
img_3873.jpg, 46
img_1613.jpg, 22
img_4441.jpg, 53
img_3385.jpg, 42
img_4629.jpg, 8
img_984.jpg, 13
img_654.jpg, 9
img_4532.jpg, 22
img_2893.jpg, 36
img_783.jpg, 11
img_2837.jpg, 36
img_874.jpg, 12
img_2649.jpg, 33
img_4766.jpg, 11
img_1618.jpg, 22
img_572.jpg, 8
img_1663.jpg, 23
img_2974.jpg, 37
img_1465.jpg, 20
img_431.jpg, 6
img_117.jpg, 2
img_1655.jpg, 23
img_529.jpg, 7
img_2180.jpg, 27
img_2116.jpg, 27
img_330.jpg, 5
img_131.jpg, 2
img_3319.jpg, 41
img_627.jpg, 9
img_1657.jpg, 23
img_1440.jpg, 20
img_511.jpg, 7
img_2311.jpg, 29
img_445.jpg, 6
img_2700.jpg, 34
img_84.jpg, 1
img_2965.jpg, 37
img_2442.jpg, 31
img_1089.jpg, 15
img_4474.jpg, 0
img_3716.jpg, 45
img_1395.jpg, 19
img_1960.jpg, 25
img_2271.jpg, 28
img_4564.jpg, 19
img_1628.jpg, 22
img_1597.jpg, 21
img_3164.jpg, 39
img_745.jpg, 10
img_40.jpg, 0
img_863.jpg, 12
img_2394.jpg, 31
img_1053.jpg, 14
img_3285.jpg, 41
img_3920.jpg, 47
img_1393.jpg, 19
img_346.jpg, 5
img_1220.jpg, 16
img_392.jpg, 5
img_1502.jpg, 20
img_3705.jpg, 45
img_455.jpg, 6
img_1451.jpg, 20
img_3252.jpg, 40
img_2636.jpg, 33
img_4322.jpg, 52
img_3521.jpg, 44
img_2106.jpg, 27
img_1293.jpg, 17
img_354.jpg, 5
img_203.jpg, 3
img_428.jpg, 5
img_459.jpg, 6
img_471.jpg, 6
img_433.jpg, 6
img_1392.jpg, 19
img_155.jpg, 2
img_1520.jpg, 20
img_3589.jpg, 44
img_3611.jpg, 44
img_4525.jpg, 22
img_214.jpg, 3
img_3969.jpg, 47
img_1473.jpg, 20
img_1965.jpg, 25
img_1459.jpg, 20
img_2845.jpg, 36
img_175.jpg, 2
img_4071.jpg, 49
img_876.jpg, 12
img_566.jpg, 8
img_3274.jpg, 41
img_1609.jpg, 22
img_766.jpg, 10
img_788.jpg, 11
img_1264.jpg, 17
img_1098.jpg, 15
img_3703.jpg, 45
img_376.jpg, 5
img_2780.jpg, 35
img_231.jpg, 4
img_3793.jpg, 46
img_2119.jpg, 27
img_281.jpg, 4
img_4701.jpg, 3
img_915.jpg, 13
img_2842.jpg, 36
img_1915.jpg, 25
img_2066.jpg, 27
img_3380.jpg, 42
img_1988.jpg, 26
img_614.jpg, 9
img_358.jpg, 5
img_82.jpg, 1
img_2354.jpg, 30
img_652.jpg, 9
img_797.jpg, 11
img_4038.jpg, 48
img_547.jpg, 7
img_4046.jpg, 48
img_2687.jpg, 34
img_2196.jpg, 28
img_2905.jpg, 36
img_138.jpg, 2
img_4348.jpg, 52
img_714.jpg, 10
img_59.jpg, 0
img_4107.jpg, 50
img_1114.jpg, 15
img_4367.jpg, 53
img_2850.jpg, 36
img_1797.jpg, 24
img_2500.jpg, 32
img_4201.jpg, 51
img_3483.jpg, 43
img_2555.jpg, 32
img_80.jpg, 1
img_2430.jpg, 31
img_545.jpg, 7
img_3225.jpg, 40
img_4352.jpg, 52
img_1735.jpg, 24
img_3025.jpg, 38
img_4259.jpg, 51
img_2822.jpg, 36
img_715.jpg, 10
img_1776.jpg, 24
img_3205.jpg, 40
img_2214.jpg, 28
img_423.jpg, 5
img_4204.jpg, 51
img_1138.jpg, 15
img_3279.jpg, 41
img_3456.jpg, 43
img_3830.jpg, 46
img_4568.jpg, 19
img_4168.jpg, 50
img_295.jpg, 4
img_3782.jpg, 45
img_856.jpg, 12
img_149.jpg, 2
img_3996.jpg, 48
img_3037.jpg, 38
img_831.jpg, 12
img_3295.jpg, 41
img_2517.jpg, 32
img_1522.jpg, 20
img_4018.jpg, 48
img_1683.jpg, 23
img_1095.jpg, 15
img_4547.jpg, 22
img_3637.jpg, 44
img_3808.jpg, 46
img_4165.jpg, 50
img_2611.jpg, 32
img_2325.jpg, 30
img_3192.jpg, 40
img_4423.jpg, 53
img_1189.jpg, 15
img_4749.jpg, 11
img_1762.jpg, 24
img_3982.jpg, 47
img_1589.jpg, 21
img_4742.jpg, 3
img_3451.jpg, 43
img_4602.jpg, 2
img_2077.jpg, 27
img_926.jpg, 13
img_1602.jpg, 22
img_2140.jpg, 27
img_1524.jpg, 20
img_1700.jpg, 23
img_3346.jpg, 41
img_4427.jpg, 53
img_4611.jpg, 2
img_734.jpg, 10
img_3087.jpg, 39
img_3896.jpg, 47
img_150.jpg, 2
img_3012.jpg, 38
img_2383.jpg, 31
img_3088.jpg, 39
img_421.jpg, 5
img_1273.jpg, 17
img_4088.jpg, 50
img_3311.jpg, 41
img_4060.jpg, 48
img_3549.jpg, 44
img_3551.jpg, 44
img_3461.jpg, 43
img_3960.jpg, 47
img_3488.jpg, 43
img_283.jpg, 4
img_2098.jpg, 27
img_3916.jpg, 47
img_4739.jpg, 3
img_3690.jpg, 45
img_1048.jpg, 14
img_2564.jpg, 32
img_1317.jpg, 18
img_351.jpg, 5
img_3467.jpg, 43
img_4543.jpg, 22
img_4214.jpg, 51
img_1766.jpg, 24
img_4607.jpg, 2
img_1355.jpg, 19
img_2674.jpg, 34
img_377.jpg, 5
img_516.jpg, 7
img_3726.jpg, 45
img_207.jpg, 3
img_2004.jpg, 26
img_3527.jpg, 44
img_4066.jpg, 49
img_3646.jpg, 45
img_4655.jpg, 8
img_4517.jpg, 22
img_4213.jpg, 51
img_184.jpg, 3
img_1987.jpg, 26
img_3915.jpg, 47
img_1481.jpg, 20
img_2841.jpg, 36
img_2038.jpg, 26
img_1164.jpg, 15
img_3100.jpg, 39
img_3572.jpg, 44
img_3459.jpg, 43
img_2239.jpg, 28
img_786.jpg, 11
img_3041.jpg, 38
img_2344.jpg, 30
img_3458.jpg, 43
img_1937.jpg, 25
img_278.jpg, 4
img_4626.jpg, 8
img_710.jpg, 10
img_4267.jpg, 51
img_2747.jpg, 35
img_3908.jpg, 47
img_754.jpg, 10
img_2502.jpg, 32
img_4357.jpg, 52
img_3216.jpg, 40
img_3833.jpg, 46
img_2459.jpg, 31
img_841.jpg, 12
img_2117.jpg, 27
img_4767.jpg, 11
img_2009.jpg, 26
img_4557.jpg, 19
img_372.jpg, 5
img_2515.jpg, 32
img_555.jpg, 7
img_3997.jpg, 48
img_1737.jpg, 24
img_1141.jpg, 15
img_1706.jpg, 24
img_2645.jpg, 33
img_1330.jpg, 18
img_2240.jpg, 28
img_3241.jpg, 40
img_2177.jpg, 27
img_4734.jpg, 3
img_1569.jpg, 21
img_3649.jpg, 45
img_436.jpg, 6
img_2933.jpg, 37
img_290.jpg, 4
img_3294.jpg, 41
img_166.jpg, 2
img_1516.jpg, 20
img_4496.jpg, 0
img_1500.jpg, 20
img_4351.jpg, 52
img_417.jpg, 5
img_3727.jpg, 45
img_2244.jpg, 28
img_4714.jpg, 3
img_2798.jpg, 36
img_2960.jpg, 37
img_3174.jpg, 39
img_1254.jpg, 16
img_574.jpg, 8
img_2657.jpg, 33
img_3178.jpg, 39
img_3003.jpg, 37
img_4745.jpg, 11
img_3865.jpg, 46
img_1276.jpg, 17
img_2065.jpg, 27
img_801.jpg, 11
img_3978.jpg, 47
img_4515.jpg, 22
img_240.jpg, 4
img_600.jpg, 8
img_998.jpg, 14
img_806.jpg, 11
img_4439.jpg, 53
img_3951.jpg, 47
img_2921.jpg, 37
img_3744.jpg, 45
img_817.jpg, 11
img_1761.jpg, 24
img_4368.jpg, 53
img_3331.jpg, 41
img_3191.jpg, 40
img_1313.jpg, 18
img_4630.jpg, 8
img_4311.jpg, 52
img_225.jpg, 3
img_3393.jpg, 42
img_2906.jpg, 36
img_3921.jpg, 47
img_1142.jpg, 15
img_2339.jpg, 30
img_2734.jpg, 35
img_4444.jpg, 53
img_287.jpg, 4
img_4598.jpg, 2
img_2783.jpg, 35
img_2.jpg, 0
img_825.jpg, 11
img_2944.jpg, 37
img_2284.jpg, 29
img_234.jpg, 4
img_1966.jpg, 25
img_4754.jpg, 11
img_1812.jpg, 24
img_3135.jpg, 39
img_3039.jpg, 38
img_4117.jpg, 50
img_4726.jpg, 3
img_4647.jpg, 8
img_4552.jpg, 19
img_9.jpg, 0
img_1070.jpg, 14
img_3730.jpg, 45
img_4696.jpg, 3
img_2191.jpg, 28
img_2600.jpg, 32
img_482.jpg, 6
img_3072.jpg, 39
img_1429.jpg, 19
img_202.jpg, 3
img_2168.jpg, 27
img_3745.jpg, 45
img_3447.jpg, 43
img_2604.jpg, 32
img_1678.jpg, 23
img_891.jpg, 12
img_787.jpg, 11
img_4741.jpg, 3
img_948.jpg, 13
img_1148.jpg, 15
img_1267.jpg, 17
img_4537.jpg, 22
img_1404.jpg, 19
img_3686.jpg, 45
img_3161.jpg, 39
img_1801.jpg, 24
img_118.jpg, 2
img_4594.jpg, 2
img_603.jpg, 8
img_3796.jpg, 46
img_3043.jpg, 38
img_4008.jpg, 48
img_1673.jpg, 23
img_3354.jpg, 41
img_3211.jpg, 40
img_464.jpg, 6
img_4440.jpg, 53
img_1935.jpg, 25
img_1547.jpg, 21
img_2637.jpg, 33
img_4239.jpg, 51
img_2112.jpg, 27
img_105.jpg, 1
img_2342.jpg, 30
img_4645.jpg, 8
img_2638.jpg, 33
img_3981.jpg, 47
img_3771.jpg, 45
img_2954.jpg, 37
img_974.jpg, 13
img_3168.jpg, 39
img_147.jpg, 2
img_4722.jpg, 3
img_3240.jpg, 40
img_2074.jpg, 27
img_93.jpg, 1
img_1066.jpg, 14
img_4775.jpg, 11
img_4661.jpg, 8
img_2737.jpg, 35
img_1696.jpg, 23
img_3101.jpg, 39
img_1764.jpg, 24
img_2630.jpg, 33
img_1384.jpg, 19
img_894.jpg, 12
img_1435.jpg, 20
img_1487.jpg, 20
img_2293.jpg, 29
img_3013.jpg, 38
img_3376.jpg, 42
img_1621.jpg, 22
img_2686.jpg, 34
img_3387.jpg, 42
img_748.jpg, 10
img_60.jpg, 0
img_3878.jpg, 47
img_963.jpg, 13
img_4057.jpg, 48
img_3569.jpg, 44
img_2559.jpg, 32
img_3999.jpg, 48
img_999.jpg, 14
img_3044.jpg, 38
img_4570.jpg, 19
img_1228.jpg, 16
img_2932.jpg, 37
img_3096.jpg, 39
img_1541.jpg, 20
img_2731.jpg, 35
img_350.jpg, 5
img_94.jpg, 1
img_4106.jpg, 50
img_92.jpg, 1
img_3761.jpg, 45
img_3772.jpg, 45
img_4519.jpg, 22
img_4341.jpg, 52
img_1813.jpg, 24
img_4707.jpg, 3
img_326.jpg, 5
img_1.jpg, 0
img_2012.jpg, 26
img_3364.jpg, 42
img_3426.jpg, 43
img_2318.jpg, 29
img_4310.jpg, 52
img_982.jpg, 13
img_1172.jpg, 15
img_4428.jpg, 53
img_4550.jpg, 22
img_3731.jpg, 45
img_282.jpg, 4
img_128.jpg, 2
img_4436.jpg, 53
img_2387.jpg, 31
img_877.jpg, 12
img_2390.jpg, 31
img_1643.jpg, 22
img_2774.jpg, 35
img_1124.jpg, 15
img_4025.jpg, 48
img_1417.jpg, 19
img_3778.jpg, 45
img_2882.jpg, 36
img_2252.jpg, 28
img_235.jpg, 4
img_4131.jpg, 50
img_4011.jpg, 48
img_2133.jpg, 27
img_2953.jpg, 37
img_2487.jpg, 32
img_2486.jpg, 32
img_439.jpg, 6
img_1927.jpg, 25
img_1145.jpg, 15
img_1424.jpg, 19
img_3801.jpg, 46
img_796.jpg, 11
img_1021.jpg, 14
img_1350.jpg, 18
img_3849.jpg, 46
img_3470.jpg, 43
img_3338.jpg, 41
img_4768.jpg, 11
img_2335.jpg, 30
img_77.jpg, 1
img_4312.jpg, 52
img_2187.jpg, 27
img_2562.jpg, 32
img_1225.jpg, 16
img_1823.jpg, 24
img_3892.jpg, 47
img_4137.jpg, 50
img_983.jpg, 13
img_164.jpg, 2
img_3587.jpg, 44
img_564.jpg, 8
img_2963.jpg, 37
img_1825.jpg, 24
img_3836.jpg, 46
img_3020.jpg, 38
img_3177.jpg, 39
img_4270.jpg, 51
img_1188.jpg, 15
img_4483.jpg, 0
img_4479.jpg, 0
img_3810.jpg, 46
img_4644.jpg, 8
img_4102.jpg, 50
img_1022.jpg, 14
img_4471.jpg, 0
img_4744.jpg, 3
img_505.jpg, 7
img_2881.jpg, 36
img_3359.jpg, 42
img_3352.jpg, 41
img_1746.jpg, 24
img_3414.jpg, 43
img_968.jpg, 13
img_595.jpg, 8
img_4418.jpg, 53
img_3671.jpg, 45
img_4083.jpg, 49
img_3714.jpg, 45
img_4780.jpg, 11
img_4792.jpg, 11
img_1081.jpg, 14
img_3622.jpg, 44
img_133.jpg, 2
img_4030.jpg, 48
img_3048.jpg, 38
img_65.jpg, 0
img_3623.jpg, 44
img_4589.jpg, 2
img_317.jpg, 5
img_3210.jpg, 40
img_1044.jpg, 14
img_1110.jpg, 15
img_4770.jpg, 11
img_4360.jpg, 52
img_1713.jpg, 24
img_4019.jpg, 48
img_329.jpg, 5
img_3655.jpg, 45
img_3102.jpg, 39
img_3861.jpg, 46
img_2900.jpg, 36
img_2666.jpg, 34
img_4237.jpg, 51
img_2810.jpg, 36
img_3624.jpg, 44
img_762.jpg, 10
img_3347.jpg, 41
img_1054.jpg, 14
img_4679.jpg, 8
img_584.jpg, 8
img_1703.jpg, 23
img_2994.jpg, 37
img_3256.jpg, 40
img_2059.jpg, 27
img_6.jpg, 0
img_1986.jpg, 26
img_972.jpg, 13
img_3167.jpg, 39
img_821.jpg, 11
img_1303.jpg, 17
img_2110.jpg, 27
img_2295.jpg, 29
img_4389.jpg, 53
img_2812.jpg, 36
img_1365.jpg, 19
img_1579.jpg, 21
img_493.jpg, 6
img_1131.jpg, 15
img_2982.jpg, 37
img_1562.jpg, 21
img_254.jpg, 4
img_3287.jpg, 41
img_498.jpg, 7
img_2319.jpg, 29
img_1739.jpg, 24
img_4572.jpg, 19
img_1941.jpg, 25
img_4793.jpg, 11
img_2428.jpg, 31
img_1790.jpg, 24
img_706.jpg, 10
img_2480.jpg, 32
img_300.jpg, 4
img_2538.jpg, 32
img_816.jpg, 11
img_1162.jpg, 15
img_3947.jpg, 47
img_3577.jpg, 44
img_289.jpg, 4
img_294.jpg, 4
img_3304.jpg, 41
img_3936.jpg, 47
img_3396.jpg, 42
img_2766.jpg, 35
img_2359.jpg, 30
img_527.jpg, 7
img_2628.jpg, 33
img_839.jpg, 12
img_341.jpg, 5
img_4058.jpg, 48
img_512.jpg, 7
img_1616.jpg, 22
img_1337.jpg, 18
img_3040.jpg, 38
img_3297.jpg, 41
img_3968.jpg, 47
img_3481.jpg, 43
img_580.jpg, 8
img_3235.jpg, 40
img_1742.jpg, 24
img_2964.jpg, 37
img_1934.jpg, 25
img_2610.jpg, 32
img_2141.jpg, 27
img_1184.jpg, 15
img_3116.jpg, 39
img_4758.jpg, 11
img_958.jpg, 13
img_1818.jpg, 24
img_4258.jpg, 51
img_3818.jpg, 46
img_943.jpg, 13
img_1774.jpg, 24
img_1614.jpg, 22
img_1198.jpg, 15
img_1933.jpg, 25
img_463.jpg, 6
img_585.jpg, 8
img_2793.jpg, 36
img_3431.jpg, 43
img_1765.jpg, 24
img_3190.jpg, 39
img_2182.jpg, 27
img_2026.jpg, 26
img_3499.jpg, 43
img_4718.jpg, 3
img_2323.jpg, 29
img_1931.jpg, 25
img_3492.jpg, 43
img_2946.jpg, 37
img_4567.jpg, 19
img_370.jpg, 5
img_4272.jpg, 51
img_1366.jpg, 19
img_2721.jpg, 35
img_3799.jpg, 46
img_3493.jpg, 43
img_3120.jpg, 39
img_46.jpg, 0
img_3253.jpg, 40
img_2365.jpg, 30
img_2510.jpg, 32
img_4505.jpg, 0
img_4681.jpg, 8
img_2803.jpg, 36
img_2886.jpg, 36
img_617.jpg, 9
img_1359.jpg, 19
img_3084.jpg, 39
img_4694.jpg, 3
img_38.jpg, 0
img_583.jpg, 8
img_3844.jpg, 46
img_844.jpg, 12
img_4110.jpg, 50
img_3051.jpg, 38
img_3501.jpg, 43
img_81.jpg, 1
img_2912.jpg, 36
img_2055.jpg, 27
img_2294.jpg, 29
img_3475.jpg, 43
img_276.jpg, 4
img_882.jpg, 12
img_4651.jpg, 8
img_4350.jpg, 52
img_4004.jpg, 48
img_700.jpg, 10
img_438.jpg, 6
img_474.jpg, 6
img_2949.jpg, 37
img_4001.jpg, 48
img_3233.jpg, 40
img_3204.jpg, 40
img_3854.jpg, 46
img_3595.jpg, 44
img_3869.jpg, 46
img_1445.jpg, 20
img_577.jpg, 8
img_4349.jpg, 52
img_2449.jpg, 31
img_906.jpg, 13
img_1576.jpg, 21
img_3540.jpg, 44
img_1738.jpg, 24
img_88.jpg, 1
img_1034.jpg, 14
img_1527.jpg, 20
img_4421.jpg, 53
img_102.jpg, 1
img_4128.jpg, 50
img_4442.jpg, 53
img_811.jpg, 11
img_3704.jpg, 45
img_3948.jpg, 47
img_2796.jpg, 36
img_456.jpg, 6
img_4318.jpg, 52
img_2765.jpg, 35
img_3202.jpg, 40
img_4232.jpg, 51
img_2343.jpg, 30
img_2648.jpg, 33
img_830.jpg, 11
img_3574.jpg, 44
img_3262.jpg, 40
img_3965.jpg, 47
img_4660.jpg, 8
img_1980.jpg, 26
img_2230.jpg, 28
img_4608.jpg, 2
img_3206.jpg, 40
img_486.jpg, 6
img_4336.jpg, 52
img_2813.jpg, 36
img_3506.jpg, 43
img_266.jpg, 4
img_1316.jpg, 18
img_3702.jpg, 45
img_4073.jpg, 49
img_1209.jpg, 15
img_3694.jpg, 45
img_956.jpg, 13
img_3606.jpg, 44
img_2445.jpg, 31
img_3860.jpg, 46
img_2594.jpg, 32
img_4135.jpg, 50
img_4725.jpg, 3
img_1222.jpg, 16
img_2353.jpg, 30
img_2959.jpg, 37
img_397.jpg, 5
img_2786.jpg, 35
img_2202.jpg, 28
img_4687.jpg, 3
img_1061.jpg, 14
img_4049.jpg, 48
img_3017.jpg, 38
img_3318.jpg, 41
img_2621.jpg, 33
img_2171.jpg, 27
img_3826.jpg, 46
img_959.jpg, 13
img_3843.jpg, 46
img_551.jpg, 7
img_4094.jpg, 50
img_3602.jpg, 44
img_1152.jpg, 15
img_4383.jpg, 53
img_2440.jpg, 31
img_2413.jpg, 31
img_4771.jpg, 11
img_1560.jpg, 21
img_1433.jpg, 20
img_1344.jpg, 18
img_689.jpg, 10
img_3913.jpg, 47
img_735.jpg, 10
img_1437.jpg, 20
img_4636.jpg, 8
img_708.jpg, 10
img_4580.jpg, 2
img_1421.jpg, 19
img_2675.jpg, 34
img_4526.jpg, 22
img_2469.jpg, 31
img_391.jpg, 5
img_4100.jpg, 50
img_2380.jpg, 31
img_4125.jpg, 50
img_4627.jpg, 8
img_3384.jpg, 42
img_1699.jpg, 23
img_1633.jpg, 22
img_4020.jpg, 48
img_2349.jpg, 30
img_1832.jpg, 24
img_4524.jpg, 22
img_334.jpg, 5
img_4544.jpg, 22
img_2699.jpg, 34
img_4765.jpg, 11
img_799.jpg, 11
img_514.jpg, 7
img_3601.jpg, 44
img_4093.jpg, 50
img_2855.jpg, 36
img_363.jpg, 5
img_3221.jpg, 40
img_3904.jpg, 47
img_3199.jpg, 40
img_345.jpg, 5
img_2516.jpg, 32
img_1617.jpg, 22
img_2872.jpg, 36
img_4152.jpg, 50
img_635.jpg, 9
img_2733.jpg, 35
img_3561.jpg, 44
img_3976.jpg, 47
img_3217.jpg, 40
img_4334.jpg, 52
img_3005.jpg, 37
img_692.jpg, 10
img_1072.jpg, 14
img_4477.jpg, 0
img_2301.jpg, 29
img_674.jpg, 10
img_251.jpg, 4
img_2234.jpg, 28
img_1340.jpg, 18
img_1191.jpg, 15
img_2937.jpg, 37
img_2983.jpg, 37
img_3360.jpg, 42
img_2017.jpg, 26
img_1928.jpg, 25
img_2529.jpg, 32
img_2020.jpg, 26
img_3473.jpg, 43
img_1800.jpg, 24
img_4330.jpg, 52
img_1573.jpg, 21
img_2790.jpg, 35
img_4500.jpg, 0
img_2849.jpg, 36
img_631.jpg, 9
img_2758.jpg, 35
img_2724.jpg, 35
img_1364.jpg, 19
img_1115.jpg, 15
img_72.jpg, 1
img_4717.jpg, 3
img_4007.jpg, 48
img_686.jpg, 10
img_3592.jpg, 44
img_2356.jpg, 30
img_4420.jpg, 53
img_4464.jpg, 53
img_1161.jpg, 15
img_4424.jpg, 53
img_3067.jpg, 39
img_1425.jpg, 19
img_3558.jpg, 44
img_452.jpg, 6
img_176.jpg, 2
img_2509.jpg, 32
img_1783.jpg, 24
img_3956.jpg, 47
img_4358.jpg, 52
img_2333.jpg, 30
img_2313.jpg, 29
img_1690.jpg, 23
img_1361.jpg, 19
img_2585.jpg, 32
img_3604.jpg, 44
img_4087.jpg, 50
img_1018.jpg, 14
img_723.jpg, 10
img_107.jpg, 1
img_2606.jpg, 32
img_1672.jpg, 23
img_728.jpg, 10
img_859.jpg, 12
img_3189.jpg, 39
img_3173.jpg, 39
img_4273.jpg, 51
img_2037.jpg, 26
img_3303.jpg, 41
img_641.jpg, 9
img_247.jpg, 4
img_3069.jpg, 39
img_709.jpg, 10
img_3435.jpg, 43
img_3036.jpg, 38
img_1610.jpg, 22
img_3555.jpg, 44
img_2154.jpg, 27
img_2926.jpg, 37
img_2871.jpg, 36
img_3068.jpg, 39
img_594.jpg, 8
img_2782.jpg, 35
img_1186.jpg, 15
img_3009.jpg, 38
img_1571.jpg, 21
img_4298.jpg, 52
img_4777.jpg, 11
img_3078.jpg, 39
img_1195.jpg, 15
img_4700.jpg, 3
img_4531.jpg, 22
img_2496.jpg, 32
img_1529.jpg, 20
img_156.jpg, 2
img_4606.jpg, 2
img_2357.jpg, 30
img_2528.jpg, 32
img_1590.jpg, 21
img_125.jpg, 2
img_3937.jpg, 47
img_2840.jpg, 36
img_3059.jpg, 38
img_1586.jpg, 21
img_2393.jpg, 31
img_2860.jpg, 36
img_1455.jpg, 20
img_2404.jpg, 31
img_2419.jpg, 31
img_4405.jpg, 53
img_313.jpg, 5
img_2818.jpg, 36
img_1176.jpg, 15
img_532.jpg, 7
img_419.jpg, 5
img_1939.jpg, 25
img_1720.jpg, 24
img_4283.jpg, 51
img_226.jpg, 3
img_3522.jpg, 44
img_4432.jpg, 53
img_3093.jpg, 39
img_3701.jpg, 45
img_684.jpg, 10
img_2193.jpg, 28
img_4783.jpg, 11
img_640.jpg, 9
img_3668.jpg, 45
img_4359.jpg, 52
img_2373.jpg, 31
img_1097.jpg, 15
img_2586.jpg, 32
img_3496.jpg, 43
img_559.jpg, 7
img_504.jpg, 7
img_33.jpg, 0
img_1241.jpg, 16
img_3244.jpg, 40
img_3254.jpg, 40
img_857.jpg, 12
img_441.jpg, 6
img_492.jpg, 6
img_4029.jpg, 48
img_124.jpg, 2
img_604.jpg, 8
img_3739.jpg, 45
img_12.jpg, 0
img_2125.jpg, 27
img_1173.jpg, 15
img_2825.jpg, 36
img_215.jpg, 3
img_3386.jpg, 42
img_1974.jpg, 26
img_4121.jpg, 50
img_1235.jpg, 16
img_3466.jpg, 43
img_4181.jpg, 51
img_3416.jpg, 43
img_2867.jpg, 36
img_4695.jpg, 3
img_4488.jpg, 0
img_1796.jpg, 24
img_1652.jpg, 22
img_3989.jpg, 47
img_171.jpg, 2
img_1687.jpg, 23
img_2805.jpg, 36
img_724.jpg, 10
img_4746.jpg, 11
img_3722.jpg, 45
img_2689.jpg, 34
img_1265.jpg, 17
img_4785.jpg, 11
img_426.jpg, 5
img_3077.jpg, 39
img_3336.jpg, 41
img_1831.jpg, 24
img_1680.jpg, 23
img_4123.jpg, 50
img_667.jpg, 10
img_3330.jpg, 41
img_1277.jpg, 17
img_2384.jpg, 31
img_3513.jpg, 43
img_986.jpg, 13
img_2678.jpg, 34
img_866.jpg, 12
img_1550.jpg, 21
img_1353.jpg, 18
img_593.jpg, 8
img_1434.jpg, 20
img_3213.jpg, 40
img_2612.jpg, 32
img_2220.jpg, 28
img_2631.jpg, 33
img_1379.jpg, 19
img_814.jpg, 11
img_2136.jpg, 27
img_409.jpg, 5
img_227.jpg, 3
img_1467.jpg, 20
img_2381.jpg, 31
img_4521.jpg, 22
img_3479.jpg, 43
img_2808.jpg, 36
img_4362.jpg, 52
img_3560.jpg, 44
img_3445.jpg, 43
img_312.jpg, 5
img_812.jpg, 11
img_4620.jpg, 8
img_1033.jpg, 14
img_2722.jpg, 35
img_4480.jpg, 0
img_3802.jpg, 46
img_3832.jpg, 46
img_3712.jpg, 45
img_2664.jpg, 33
img_1491.jpg, 20
img_95.jpg, 1
img_3363.jpg, 42
img_210.jpg, 3
img_2852.jpg, 36
img_382.jpg, 5
img_2411.jpg, 31
img_2732.jpg, 35
img_1390.jpg, 19
img_693.jpg, 10
img_4120.jpg, 50
img_4409.jpg, 53
img_905.jpg, 13
img_3806.jpg, 46
img_895.jpg, 12
img_2399.jpg, 31
img_2028.jpg, 26
img_269.jpg, 4
img_1412.jpg, 19
img_4002.jpg, 48
img_304.jpg, 4
img_1553.jpg, 21
img_868.jpg, 12
img_1213.jpg, 16
img_1446.jpg, 20
img_1479.jpg, 20
img_3033.jpg, 38
img_3864.jpg, 46
img_2709.jpg, 34
img_4235.jpg, 51
img_4417.jpg, 53
img_3083.jpg, 39
img_2262.jpg, 28
img_3231.jpg, 40
img_3448.jpg, 43
img_2314.jpg, 29
img_4727.jpg, 3
img_599.jpg, 8
img_2975.jpg, 37
img_3200.jpg, 40
img_2006.jpg, 26
img_1772.jpg, 24
img_1368.jpg, 19
img_2740.jpg, 35
img_914.jpg, 13
img_3201.jpg, 40
img_1315.jpg, 18
img_4037.jpg, 48
img_1809.jpg, 24
img_1428.jpg, 19
img_3524.jpg, 44
img_3881.jpg, 47
img_328.jpg, 5
img_217.jpg, 3
img_4346.jpg, 52
img_4026.jpg, 48
img_4098.jpg, 50
img_3676.jpg, 45
img_2880.jpg, 36
img_4221.jpg, 51
img_3317.jpg, 41
img_4712.jpg, 3
img_4609.jpg, 2
img_1028.jpg, 14
img_14.jpg, 0
img_3949.jpg, 47
img_3058.jpg, 38
img_2222.jpg, 28
img_4010.jpg, 48
img_2247.jpg, 28
img_3299.jpg, 41
img_2877.jpg, 36
img_2046.jpg, 27
img_477.jpg, 6
img_4376.jpg, 53
img_272.jpg, 4
img_4314.jpg, 52
img_1101.jpg, 15
img_500.jpg, 7
img_2918.jpg, 36
img_3423.jpg, 43
img_889.jpg, 12
img_4194.jpg, 51
img_4009.jpg, 48
img_1099.jpg, 15
img_4533.jpg, 22
img_1472.jpg, 20
img_837.jpg, 12
img_3858.jpg, 46
img_3341.jpg, 41
img_707.jpg, 10
img_3314.jpg, 41
img_3692.jpg, 45
img_1595.jpg, 21
img_651.jpg, 9
img_2079.jpg, 27
img_4006.jpg, 48
img_3103.jpg, 39
img_360.jpg, 5
img_178.jpg, 2
img_1040.jpg, 14
img_3119.jpg, 39
img_2729.jpg, 35
img_705.jpg, 10
img_3089.jpg, 39
img_3914.jpg, 47
img_1032.jpg, 14
img_1485.jpg, 20
img_3780.jpg, 45
img_3509.jpg, 43
img_182.jpg, 3
img_2856.jpg, 36
img_2395.jpg, 31
img_361.jpg, 5
img_3938.jpg, 47
img_1049.jpg, 14
img_2039.jpg, 26
img_954.jpg, 13
img_4514.jpg, 22
img_2255.jpg, 28
img_2242.jpg, 28
img_1946.jpg, 25
img_3966.jpg, 47
img_3146.jpg, 39
img_3636.jpg, 44
img_4743.jpg, 3
img_827.jpg, 11
img_3825.jpg, 46
img_1226.jpg, 16
img_4282.jpg, 51
img_2546.jpg, 32
img_4354.jpg, 52
img_2433.jpg, 31
img_3935.jpg, 47
img_37.jpg, 0
img_248.jpg, 4
img_4588.jpg, 2
img_1143.jpg, 15
img_1540.jpg, 20
img_4438.jpg, 53
img_2955.jpg, 37
img_3767.jpg, 45
img_3669.jpg, 45
img_3588.jpg, 44
img_4206.jpg, 51
img_533.jpg, 7
img_209.jpg, 3
img_1758.jpg, 24
img_2161.jpg, 27
img_3378.jpg, 42
img_3853.jpg, 46
img_1093.jpg, 15
img_2279.jpg, 29
img_2482.jpg, 32
img_3230.jpg, 40
img_880.jpg, 12
img_1130.jpg, 15
img_1648.jpg, 22
img_1632.jpg, 22
img_3076.jpg, 39
img_1275.jpg, 17
img_3520.jpg, 44
img_1309.jpg, 18
img_3422.jpg, 43
img_962.jpg, 13
img_3000.jpg, 37
img_3366.jpg, 42
img_3593.jpg, 44
img_2728.jpg, 35
img_2290.jpg, 29
img_1178.jpg, 15
img_3850.jpg, 46
img_1788.jpg, 24
img_1805.jpg, 24
img_4226.jpg, 51
img_3685.jpg, 45
img_657.jpg, 9
img_381.jpg, 5
img_4530.jpg, 22
img_2981.jpg, 37
img_650.jpg, 9
img_3099.jpg, 39
img_34.jpg, 0
img_4292.jpg, 52
img_1918.jpg, 25
img_2144.jpg, 27
img_3797.jpg, 46
img_4652.jpg, 8
img_1574.jpg, 21
img_1743.jpg, 24
img_1025.jpg, 14
img_928.jpg, 13
img_221.jpg, 3
img_1023.jpg, 14
img_3150.jpg, 39
img_4254.jpg, 51
img_4148.jpg, 50
img_753.jpg, 10
img_630.jpg, 9
img_861.jpg, 12
img_1411.jpg, 19
img_3693.jpg, 45
img_1588.jpg, 21
img_1922.jpg, 25
img_1466.jpg, 20
img_2730.jpg, 35
img_1771.jpg, 24
img_3404.jpg, 42
img_1402.jpg, 19
img_3406.jpg, 42
img_3271.jpg, 41
img_3462.jpg, 43
img_139.jpg, 2
img_4762.jpg, 11
img_4085.jpg, 49
img_1598.jpg, 21
img_3607.jpg, 44
img_3786.jpg, 45
img_911.jpg, 13
img_4737.jpg, 3
img_3571.jpg, 44
img_3798.jpg, 46
img_2995.jpg, 37
img_3442.jpg, 43
img_2873.jpg, 36
img_1544.jpg, 20
img_2836.jpg, 36
img_1245.jpg, 16
img_191.jpg, 3
img_4133.jpg, 50
img_2968.jpg, 37
img_343.jpg, 5
img_3610.jpg, 44
img_1705.jpg, 24
img_4326.jpg, 52
img_4711.jpg, 3
img_1920.jpg, 25
img_3494.jpg, 43
img_2114.jpg, 27
img_3229.jpg, 40
img_2245.jpg, 28
img_2407.jpg, 31
img_1299.jpg, 17
img_1229.jpg, 16
img_3484.jpg, 43
img_539.jpg, 7
img_2083.jpg, 27
img_3566.jpg, 44
img_3612.jpg, 44
img_725.jpg, 10
img_1551.jpg, 21
img_3392.jpg, 42
img_836.jpg, 12
img_4642.jpg, 8
img_3698.jpg, 45
img_2355.jpg, 30
img_3296.jpg, 41
img_976.jpg, 13
img_4565.jpg, 19
img_333.jpg, 5
img_3432.jpg, 43
img_1136.jpg, 15
img_3248.jpg, 40
img_612.jpg, 9
img_4516.jpg, 22
img_3322.jpg, 41
img_2557.jpg, 32
img_1452.jpg, 20
img_4498.jpg, 0
img_449.jpg, 6
img_2761.jpg, 35
img_775.jpg, 10
img_2599.jpg, 32
img_2378.jpg, 31
img_2320.jpg, 29
img_2739.jpg, 35
img_549.jpg, 7
img_4484.jpg, 0
img_2665.jpg, 33
img_3249.jpg, 40
img_4220.jpg, 51
img_3510.jpg, 43
img_1268.jpg, 17
img_1582.jpg, 21
img_2587.jpg, 32
img_4523.jpg, 22
img_1548.jpg, 21
img_3394.jpg, 42
img_1352.jpg, 18
img_1153.jpg, 15
img_4676.jpg, 8
img_2977.jpg, 37
img_4278.jpg, 51
img_3209.jpg, 40
img_3198.jpg, 40
img_4451.jpg, 53
img_1961.jpg, 25
img_1372.jpg, 19
img_1921.jpg, 25
img_496.jpg, 7
img_4255.jpg, 51
img_2579.jpg, 32
img_4582.jpg, 2
img_2862.jpg, 36
img_4708.jpg, 3
img_89.jpg, 1
img_3597.jpg, 44
img_242.jpg, 4
img_1955.jpg, 25
img_3899.jpg, 47
img_4674.jpg, 8
img_2327.jpg, 30
img_3654.jpg, 45
img_3497.jpg, 43
img_3428.jpg, 43
img_4456.jpg, 53
img_2363.jpg, 30
img_307.jpg, 4
img_4369.jpg, 53
img_4507.jpg, 0
img_2406.jpg, 31
img_4062.jpg, 48
img_2819.jpg, 36
img_4268.jpg, 51
img_3094.jpg, 39
img_1724.jpg, 24
img_548.jpg, 7
img_4549.jpg, 22
img_144.jpg, 2
img_3975.jpg, 47
img_2779.jpg, 35
img_2794.jpg, 36
img_4460.jpg, 53
img_1914.jpg, 25
img_955.jpg, 13
img_990.jpg, 13
img_1454.jpg, 20
img_267.jpg, 4
img_2771.jpg, 35
img_1155.jpg, 15
img_1432.jpg, 19
img_132.jpg, 2
img_645.jpg, 9
img_3680.jpg, 45
img_2888.jpg, 36
img_616.jpg, 9
img_237.jpg, 4
img_4170.jpg, 50
img_3381.jpg, 42
img_3941.jpg, 47
img_2302.jpg, 29
img_765.jpg, 10
img_3344.jpg, 41
img_1281.jpg, 17
img_3424.jpg, 43
img_2769.jpg, 35
img_1612.jpg, 22
img_3052.jpg, 38
img_119.jpg, 2
img_2334.jpg, 30
img_356.jpg, 5
img_3811.jpg, 46
img_135.jpg, 2
img_2593.jpg, 32
img_2866.jpg, 36
img_2172.jpg, 27
img_36.jpg, 0
img_4356.jpg, 52
img_2524.jpg, 32
img_3006.jpg, 37
img_2324.jpg, 30
img_3729.jpg, 45
img_4610.jpg, 2
img_2575.jpg, 32
img_3477.jpg, 43
img_1369.jpg, 19
img_4180.jpg, 51
img_342.jpg, 5
img_1556.jpg, 21
img_1076.jpg, 14
img_1731.jpg, 24
img_3351.jpg, 41
img_2910.jpg, 36
img_1288.jpg, 17
img_2821.jpg, 36
img_3783.jpg, 45
img_850.jpg, 12
img_4639.jpg, 8
img_1913.jpg, 25
img_3368.jpg, 42
img_4779.jpg, 11
img_476.jpg, 6
img_3293.jpg, 41
img_1120.jpg, 15
img_829.jpg, 11
img_2590.jpg, 32
img_967.jpg, 13
img_2126.jpg, 27
img_2800.jpg, 36
img_578.jpg, 8
img_3166.jpg, 39
img_261.jpg, 4
img_1969.jpg, 25
img_462.jpg, 6
img_4753.jpg, 11
img_2299.jpg, 29
img_4545.jpg, 22
img_3829.jpg, 46
img_3684.jpg, 45
img_1535.jpg, 20
img_4370.jpg, 53
img_4535.jpg, 22
img_136.jpg, 2
img_3272.jpg, 41
img_2924.jpg, 37
img_3756.jpg, 45
img_3930.jpg, 47
img_3277.jpg, 41
img_618.jpg, 9
img_3008.jpg, 38
img_4033.jpg, 48
img_2109.jpg, 27
img_1599.jpg, 21
img_653.jpg, 9
img_2105.jpg, 27
img_1193.jpg, 15
img_353.jpg, 5
img_98.jpg, 1
img_2090.jpg, 27
img_3868.jpg, 46
img_3181.jpg, 39
img_403.jpg, 5
img_534.jpg, 7
img_53.jpg, 0
img_2085.jpg, 27
img_4705.jpg, 3
img_851.jpg, 12
img_922.jpg, 13
img_2534.jpg, 32
img_4147.jpg, 50
img_4184.jpg, 51
img_822.jpg, 11
img_4202.jpg, 51
img_22.jpg, 0
img_3405.jpg, 42
img_4305.jpg, 52
img_1668.jpg, 23
img_3648.jpg, 45
img_3487.jpg, 43
img_108.jpg, 1
img_4172.jpg, 50
img_3695.jpg, 45
img_2711.jpg, 34
img_483.jpg, 6
img_2795.jpg, 36
img_1274.jpg, 17
img_3223.jpg, 40
img_4569.jpg, 19
img_301.jpg, 4
img_4090.jpg, 50
img_2503.jpg, 32
img_3535.jpg, 44
img_1719.jpg, 24
img_2329.jpg, 30
img_140.jpg, 2
img_255.jpg, 4
img_1408.jpg, 19
img_2506.jpg, 32
img_253.jpg, 4
img_3403.jpg, 42
img_87.jpg, 1
img_442.jpg, 6
img_2410.jpg, 31
img_1069.jpg, 14
img_2375.jpg, 31
img_3923.jpg, 47
img_3620.jpg, 44
img_2848.jpg, 36
img_2352.jpg, 30
img_2601.jpg, 32
img_3872.jpg, 46
img_1808.jpg, 24
img_3661.jpg, 45
img_3660.jpg, 45
img_722.jpg, 10
img_1806.jpg, 24
img_3345.jpg, 41
img_1008.jpg, 14
img_3580.jpg, 44
img_1260.jpg, 17
img_638.jpg, 9
img_1060.jpg, 14
img_4044.jpg, 48
img_747.jpg, 10
img_3909.jpg, 47
img_2646.jpg, 33
img_3333.jpg, 41
img_4563.jpg, 19
img_4573.jpg, 19
img_3911.jpg, 47
img_1442.jpg, 20
img_3518.jpg, 44
img_3530.jpg, 44
img_3207.jpg, 40
img_2094.jpg, 27
img_2263.jpg, 28
img_2741.jpg, 35
img_24.jpg, 0
img_4595.jpg, 2
img_2801.jpg, 36
img_142.jpg, 2
img_2536.jpg, 32
img_393.jpg, 5
img_4068.jpg, 49
img_3421.jpg, 43
img_188.jpg, 3
img_4601.jpg, 2
img_2276.jpg, 28
img_809.jpg, 11
img_2499.jpg, 32
img_1174.jpg, 15
img_1386.jpg, 19
img_2138.jpg, 27
img_2108.jpg, 27
img_731.jpg, 10
img_3688.jpg, 45
img_2835.jpg, 36
img_3628.jpg, 44
img_4470.jpg, 0
img_996.jpg, 14
img_1363.jpg, 19
img_1000.jpg, 14
img_4065.jpg, 49
img_4548.jpg, 22
img_2256.jpg, 28
img_2351.jpg, 30
img_153.jpg, 2
img_1925.jpg, 25
img_4534.jpg, 22
img_2752.jpg, 35
img_3228.jpg, 40
img_726.jpg, 10
img_2701.jpg, 34
img_2672.jpg, 34
img_1730.jpg, 24
img_4528.jpg, 22
img_1677.jpg, 23
img_1358.jpg, 19
img_4693.jpg, 3
img_4732.jpg, 3
img_1534.jpg, 20
img_2190.jpg, 28
img_2003.jpg, 26
img_3764.jpg, 45
img_1770.jpg, 24
img_311.jpg, 5
img_4391.jpg, 53
img_3776.jpg, 45
img_181.jpg, 3
img_2397.jpg, 31
img_1536.jpg, 20
img_3121.jpg, 39
img_629.jpg, 9
img_21.jpg, 0
img_1998.jpg, 26
img_412.jpg, 5
img_3691.jpg, 45
img_122.jpg, 2
img_1406.jpg, 19
img_3055.jpg, 38
img_1006.jpg, 14
img_751.jpg, 10
img_3667.jpg, 45
img_1665.jpg, 23
img_2895.jpg, 36
img_913.jpg, 13
img_3838.jpg, 46
img_1308.jpg, 18
img_2097.jpg, 27
img_2463.jpg, 31
img_4022.jpg, 48
img_1575.jpg, 21
img_1375.jpg, 19
img_3929.jpg, 47
img_422.jpg, 5
img_3382.jpg, 42
img_4290.jpg, 52
img_2943.jpg, 37
img_4097.jpg, 50
img_1232.jpg, 16
img_2577.jpg, 32
img_3454.jpg, 43
img_592.jpg, 8
img_1262.jpg, 17
img_4486.jpg, 0
img_3562.jpg, 44
img_3019.jpg, 38
img_4555.jpg, 19
img_3280.jpg, 41
img_2208.jpg, 28
img_1656.jpg, 23
img_3942.jpg, 47
img_2000.jpg, 26
img_1233.jpg, 16
img_4076.jpg, 49
img_2997.jpg, 37
img_2223.jpg, 28
img_1714.jpg, 24
img_3945.jpg, 47
img_2986.jpg, 37
img_2058.jpg, 27
img_1471.jpg, 20
img_953.jpg, 13
img_4513.jpg, 22
img_2715.jpg, 34
img_1692.jpg, 23
img_2717.jpg, 34
img_2702.jpg, 34
img_4141.jpg, 50
img_3281.jpg, 41
img_994.jpg, 14
img_2266.jpg, 28
img_1554.jpg, 21
img_3769.jpg, 45
img_1137.jpg, 15
img_159.jpg, 2
img_2998.jpg, 37
img_1064.jpg, 14
img_834.jpg, 12
img_2772.jpg, 35
img_206.jpg, 3
img_1214.jpg, 16
img_297.jpg, 4
img_4385.jpg, 53
img_3819.jpg, 46
img_666.jpg, 10
img_4114.jpg, 50
img_587.jpg, 8
img_1710.jpg, 24
img_1348.jpg, 18
img_1418.jpg, 19
img_3171.jpg, 39
img_542.jpg, 7
img_3575.jpg, 44
img_2990.jpg, 37
img_4263.jpg, 51
img_2568.jpg, 32
img_2531.jpg, 32
img_1827.jpg, 24
img_3369.jpg, 42
img_4663.jpg, 8
img_4173.jpg, 50
img_1708.jpg, 24
img_4646.jpg, 8
img_1530.jpg, 20
img_1287.jpg, 17
img_4171.jpg, 50
img_1407.jpg, 19
img_1542.jpg, 20
img_2051.jpg, 27
img_4789.jpg, 11
img_1420.jpg, 19
img_1792.jpg, 24
img_292.jpg, 4
img_1024.jpg, 14
img_4673.jpg, 8
img_2696.jpg, 34
img_3735.jpg, 45
img_4643.jpg, 8
img_1207.jpg, 15
img_4372.jpg, 53
img_420.jpg, 5
img_2237.jpg, 28
img_1577.jpg, 21
img_1444.jpg, 20
img_3659.jpg, 45
img_4752.jpg, 11
img_194.jpg, 3
img_4612.jpg, 2
img_355.jpg, 5
img_4597.jpg, 2
img_167.jpg, 2
img_4234.jpg, 51
img_3928.jpg, 47
img_591.jpg, 8
img_878.jpg, 12
img_3027.jpg, 38
img_1282.jpg, 17
img_189.jpg, 3
img_1756.jpg, 24
img_1778.jpg, 24
img_3063.jpg, 39
img_2258.jpg, 28
img_2706.jpg, 34
img_1747.jpg, 24
img_1336.jpg, 18
img_4276.jpg, 51
img_858.jpg, 12
img_3526.jpg, 44
img_4593.jpg, 2
img_2652.jpg, 33
img_3543.jpg, 44
img_4689.jpg, 3
img_2507.jpg, 32
img_4262.jpg, 51
img_3757.jpg, 45
img_4724.jpg, 3
img_460.jpg, 6
img_896.jpg, 12
img_3105.jpg, 39
img_2232.jpg, 28
img_2474.jpg, 32
img_75.jpg, 1
img_2151.jpg, 27
img_1600.jpg, 21
img_1291.jpg, 17
img_2446.jpg, 31
img_4632.jpg, 8
img_2558.jpg, 32
img_525.jpg, 7
img_3888.jpg, 47
img_2980.jpg, 37
img_158.jpg, 2
img_2947.jpg, 37
img_1243.jpg, 16
img_779.jpg, 11
img_4633.jpg, 8
img_4622.jpg, 8
img_1100.jpg, 15
img_1711.jpg, 24
img_1620.jpg, 22
img_3409.jpg, 43
img_291.jpg, 4
img_2914.jpg, 36
img_2913.jpg, 36
img_1497.jpg, 20
img_4108.jpg, 50
img_3805.jpg, 46
img_1084.jpg, 14
img_2889.jpg, 36
img_1775.jpg, 24
img_4562.jpg, 19
img_4291.jpg, 52
img_925.jpg, 13
img_2993.jpg, 37
img_794.jpg, 11
img_50.jpg, 0
img_1251.jpg, 16
img_2545.jpg, 32
img_2461.jpg, 31
img_90.jpg, 1
img_1962.jpg, 25
img_2650.jpg, 33
img_4587.jpg, 2
img_4458.jpg, 53
img_739.jpg, 10
img_3250.jpg, 40
img_1347.jpg, 18
img_3085.jpg, 39
img_2781.jpg, 35
img_1469.jpg, 20
img_1984.jpg, 26
img_2377.jpg, 31
img_1992.jpg, 26
img_3983.jpg, 47
img_1781.jpg, 24
img_2676.jpg, 34
img_2243.jpg, 28
img_4306.jpg, 52
img_701.jpg, 10
img_3889.jpg, 47
img_1156.jpg, 15
img_1970.jpg, 25
img_947.jpg, 13
img_3619.jpg, 44
img_1642.jpg, 22
img_4236.jpg, 51
img_2082.jpg, 27
img_3157.jpg, 39
img_1342.jpg, 18
img_3856.jpg, 46
img_815.jpg, 11
img_951.jpg, 13
img_509.jpg, 7
img_3882.jpg, 47
img_3505.jpg, 43
img_1615.jpg, 22
img_4244.jpg, 51
img_2078.jpg, 27
img_4659.jpg, 8
img_4034.jpg, 48
img_3893.jpg, 47
img_2067.jpg, 27
img_2694.jpg, 34
img_2542.jpg, 32
img_1301.jpg, 17
img_4541.jpg, 22
img_2915.jpg, 36
img_2705.jpg, 34
img_127.jpg, 2
img_3502.jpg, 43
img_2060.jpg, 27
img_4788.jpg, 11
img_1327.jpg, 18
img_4407.jpg, 53
img_4119.jpg, 50
img_2322.jpg, 29
img_2588.jpg, 32
img_3755.jpg, 45
img_2443.jpg, 31
img_755.jpg, 10
img_4497.jpg, 0
img_101.jpg, 1
img_2828.jpg, 36
img_569.jpg, 8
img_3219.jpg, 40
img_2928.jpg, 37
img_2087.jpg, 27
img_365.jpg, 5
img_3504.jpg, 43
img_1135.jpg, 15
img_160.jpg, 2
img_3307.jpg, 41
img_4412.jpg, 53
img_2115.jpg, 27
img_4713.jpg, 3
img_3541.jpg, 44
img_2617.jpg, 32
img_2961.jpg, 37
img_2072.jpg, 27
img_249.jpg, 4
img_338.jpg, 5
img_3115.jpg, 39
img_362.jpg, 5
img_2727.jpg, 35
img_400.jpg, 5
img_1059.jpg, 14
img_909.jpg, 13
img_1967.jpg, 25
img_941.jpg, 13
img_977.jpg, 13
img_4554.jpg, 19
img_4384.jpg, 53
img_2001.jpg, 26
img_1989.jpg, 26
img_849.jpg, 12
img_2148.jpg, 27
img_2265.jpg, 28
img_2576.jpg, 32
img_1014.jpg, 14
img_3047.jpg, 38
img_2379.jpg, 31
img_1991.jpg, 26
img_2023.jpg, 26
img_2478.jpg, 32
img_2713.jpg, 34
img_2434.jpg, 31
img_3932.jpg, 47
img_3016.jpg, 38
img_4319.jpg, 52
img_2846.jpg, 36
img_1546.jpg, 21
img_3652.jpg, 45
img_1749.jpg, 24
img_1397.jpg, 19
img_3306.jpg, 41
img_2927.jpg, 37
img_586.jpg, 8
img_2544.jpg, 32
img_100.jpg, 1
img_3356.jpg, 41
img_2518.jpg, 32
img_2089.jpg, 27
img_437.jpg, 6
img_2525.jpg, 32
img_3310.jpg, 41
img_3984.jpg, 47
img_2102.jpg, 27
img_1175.jpg, 15
img_2312.jpg, 29
img_691.jpg, 10
img_981.jpg, 13
img_475.jpg, 6
img_2735.jpg, 35
img_4778.jpg, 11
img_671.jpg, 10
img_1326.jpg, 18
img_3286.jpg, 41
img_91.jpg, 1
img_3631.jpg, 44
img_862.jpg, 12
img_703.jpg, 10
img_3227.jpg, 40
img_3129.jpg, 39
img_2971.jpg, 37
img_2021.jpg, 26
img_3876.jpg, 46
img_3967.jpg, 47
img_4228.jpg, 51
img_1508.jpg, 20
img_4443.jpg, 53
img_205.jpg, 3
img_3070.jpg, 39
img_3419.jpg, 43
img_478.jpg, 6
img_3895.jpg, 47
img_3740.jpg, 45
img_3358.jpg, 42
img_4344.jpg, 52
img_1709.jpg, 24
img_769.jpg, 10
img_3910.jpg, 47
img_2540.jpg, 32
img_2128.jpg, 27
img_3022.jpg, 38
img_4733.jpg, 3
img_3733.jpg, 45
img_2897.jpg, 36
img_4003.jpg, 48
img_4761.jpg, 11
img_480.jpg, 6
img_4297.jpg, 52
img_3104.jpg, 39
img_4650.jpg, 8
img_867.jpg, 12
img_2396.jpg, 31
img_3153.jpg, 39
img_4361.jpg, 52
img_949.jpg, 13
img_3906.jpg, 47
img_3994.jpg, 48
img_4472.jpg, 0
img_2561.jpg, 32
img_4709.jpg, 3
img_2479.jpg, 32
img_1154.jpg, 15
img_2124.jpg, 27
img_3724.jpg, 45
img_1036.jpg, 14
img_935.jpg, 13
img_2754.jpg, 35
img_1329.jpg, 18
img_325.jpg, 5
img_2150.jpg, 27
img_1339.jpg, 18
img_1759.jpg, 24
img_3140.jpg, 39
img_3687.jpg, 45
img_1977.jpg, 26
img_2040.jpg, 26
img_4082.jpg, 49
img_2250.jpg, 28
img_2626.jpg, 33
img_1399.jpg, 19
img_1416.jpg, 19
img_4191.jpg, 51
img_2303.jpg, 29
img_1103.jpg, 15
img_4327.jpg, 52
img_4577.jpg, 19
img_1031.jpg, 14
img_83.jpg, 1
img_733.jpg, 10
img_606.jpg, 8
img_2260.jpg, 28
img_4657.jpg, 8
img_4055.jpg, 48
img_86.jpg, 1
img_52.jpg, 0
img_4415.jpg, 53
img_3809.jpg, 46
img_3821.jpg, 46
img_4790.jpg, 11
img_4671.jpg, 8
img_4142.jpg, 50
img_3689.jpg, 45
img_3709.jpg, 45
img_56.jpg, 0
img_3023.jpg, 38
img_3365.jpg, 42
img_446.jpg, 6
img_883.jpg, 12
img_1528.jpg, 20
img_4658.jpg, 8
img_2505.jpg, 32
img_4510.jpg, 0
img_4756.jpg, 11
img_2966.jpg, 37
img_1157.jpg, 15
img_1712.jpg, 24
img_3986.jpg, 47
img_2535.jpg, 32
img_3852.jpg, 46
img_1464.jpg, 20
img_3609.jpg, 44
img_3340.jpg, 41
img_558.jpg, 7
img_3774.jpg, 45
img_4487.jpg, 0
img_780.jpg, 11
img_623.jpg, 9
img_58.jpg, 0
img_3401.jpg, 42
img_2917.jpg, 36
img_469.jpg, 6
img_3758.jpg, 45
img_1532.jpg, 20
img_605.jpg, 8
img_3308.jpg, 41
img_4146.jpg, 50
img_2236.jpg, 28
img_3118.jpg, 39
img_1537.jpg, 20
img_609.jpg, 8
img_2597.jpg, 32
img_2804.jpg, 36
img_1297.jpg, 17
img_2668.jpg, 34
img_1349.jpg, 18
img_3927.jpg, 47
img_4077.jpg, 49
img_4374.jpg, 53
img_418.jpg, 5
img_1957.jpg, 25
img_116.jpg, 2
img_620.jpg, 9
img_4064.jpg, 49
img_2569.jpg, 32
img_4419.jpg, 53
img_4380.jpg, 53
img_3918.jpg, 47
img_2149.jpg, 27
img_3759.jpg, 45
img_4731.jpg, 3
img_1685.jpg, 23
img_2776.jpg, 35
img_3800.jpg, 46
img_1087.jpg, 14
img_4561.jpg, 19
img_2300.jpg, 29
img_1419.jpg, 19
img_3316.jpg, 41
img_2556.jpg, 32
img_3410.jpg, 43
img_407.jpg, 5
img_335.jpg, 5
img_2865.jpg, 36
img_2226.jpg, 28
img_2465.jpg, 31
img_4122.jpg, 50
img_4495.jpg, 0
img_3015.jpg, 38
img_2088.jpg, 27
img_1704.jpg, 24
img_3567.jpg, 44
img_1019.jpg, 14
img_1495.jpg, 20
img_4223.jpg, 51
img_4164.jpg, 50
img_4478.jpg, 0
img_4161.jpg, 50
img_932.jpg, 13
img_1039.jpg, 14
img_1511.jpg, 20
img_2736.jpg, 35
img_3301.jpg, 41
img_2632.jpg, 33
img_472.jpg, 6
img_454.jpg, 6
img_466.jpg, 6
img_1090.jpg, 15
img_4672.jpg, 8
img_2532.jpg, 32
img_767.jpg, 10
img_1985.jpg, 26
img_320.jpg, 5
img_337.jpg, 5
img_4241.jpg, 51
img_2052.jpg, 27
img_3370.jpg, 42
img_1727.jpg, 24
img_2194.jpg, 28
img_4615.jpg, 2
img_2139.jpg, 27
img_2883.jpg, 36
img_764.jpg, 10
img_2368.jpg, 30
img_4721.jpg, 3
img_3220.jpg, 40
img_1786.jpg, 24
img_4638.jpg, 8
img_4208.jpg, 51
img_544.jpg, 7
img_2592.jpg, 32
img_3556.jpg, 44
img_2286.jpg, 29
img_4398.jpg, 53
img_2962.jpg, 37
img_3737.jpg, 45
img_687.jpg, 10
img_2566.jpg, 32
img_1409.jpg, 19
img_611.jpg, 9
img_4248.jpg, 51
img_2751.jpg, 35
img_4699.jpg, 3
img_4677.jpg, 8
img_1763.jpg, 24
img_939.jpg, 13
img_1658.jpg, 23
img_1917.jpg, 25
img_2199.jpg, 28
img_3596.jpg, 44
img_3653.jpg, 45
img_4130.jpg, 50
img_4605.jpg, 2
img_2010.jpg, 26
img_3446.jpg, 43
img_2653.jpg, 33
img_4401.jpg, 53
img_3169.jpg, 39
img_3074.jpg, 39
img_1629.jpg, 22
img_1552.jpg, 21
img_4371.jpg, 53
img_3943.jpg, 47
img_1197.jpg, 15
img_2725.jpg, 35
img_4583.jpg, 2
img_1255.jpg, 16
img_4039.jpg, 48
img_69.jpg, 0
img_2092.jpg, 27
img_183.jpg, 3
img_2712.jpg, 34
img_2625.jpg, 33
img_2225.jpg, 28
img_1734.jpg, 24
img_615.jpg, 9
img_1042.jpg, 14
img_4134.jpg, 50
img_634.jpg, 9
img_571.jpg, 8
img_1212.jpg, 16
img_1468.jpg, 20
img_890.jpg, 12
img_2537.jpg, 32
img_4653.jpg, 8
img_1622.jpg, 22
img_4067.jpg, 49
img_4773.jpg, 11
img_374.jpg, 5
img_3060.jpg, 38
img_3114.jpg, 39
img_3615.jpg, 44
img_1082.jpg, 14
img_3532.jpg, 44
img_1518.jpg, 20
img_2526.jpg, 32
img_97.jpg, 1
img_1752.jpg, 24
img_27.jpg, 0
img_2763.jpg, 35
img_561.jpg, 8
img_2719.jpg, 35
img_2501.jpg, 32
img_3134.jpg, 39
img_4465.jpg, 53
img_4529.jpg, 22
img_881.jpg, 12
img_3203.jpg, 40
img_1587.jpg, 21
img_2901.jpg, 36
img_3545.jpg, 44
img_1294.jpg, 17
img_3851.jpg, 46
img_223.jpg, 3
img_2081.jpg, 27
img_2513.jpg, 32
img_2308.jpg, 29
img_2233.jpg, 28
img_720.jpg, 10
img_1995.jpg, 26
img_1370.jpg, 19
img_3542.jpg, 44
img_2950.jpg, 37
img_1200.jpg, 15
img_3564.jpg, 44
img_1982.jpg, 26
img_1009.jpg, 14
img_457.jpg, 6
img_4559.jpg, 19
img_743.jpg, 10
img_1244.jpg, 16
img_4280.jpg, 51
img_3736.jpg, 45
img_1230.jpg, 16
img_2690.jpg, 34
img_2382.jpg, 31
img_1357.jpg, 19
img_2639.jpg, 33
img_4502.jpg, 0
img_541.jpg, 7
img_3149.jpg, 39
img_2948.jpg, 37
img_4402.jpg, 53
img_1151.jpg, 15
img_4735.jpg, 3
img_3884.jpg, 47
img_4099.jpg, 50
img_3958.jpg, 47
img_396.jpg, 5
img_1666.jpg, 23
img_826.jpg, 11
img_3128.jpg, 39
img_4736.jpg, 3
img_4578.jpg, 19
img_1236.jpg, 16
img_3234.jpg, 40
img_2492.jpg, 32
img_3.jpg, 0
img_680.jpg, 10
img_2543.jpg, 32
img_3489.jpg, 43
img_770.jpg, 10
img_2350.jpg, 30
img_115.jpg, 2
img_306.jpg, 4
img_4410.jpg, 53
img_1750.jpg, 24
img_506.jpg, 7
img_3787.jpg, 45
img_2376.jpg, 31
img_2403.jpg, 31
img_1606.jpg, 22
img_507.jpg, 7
img_4096.jpg, 50
img_1815.jpg, 24
img_2797.jpg, 36
img_2978.jpg, 37
img_2069.jpg, 27
img_2658.jpg, 33
img_3450.jpg, 43
img_1682.jpg, 23
img_2931.jpg, 37
img_1338.jpg, 18
img_1580.jpg, 21
img_4047.jpg, 48
img_2228.jpg, 28
img_800.jpg, 11
img_1650.jpg, 22
img_2527.jpg, 32
img_1993.jpg, 26
img_3917.jpg, 47
img_3407.jpg, 42
img_1948.jpg, 25
img_1118.jpg, 15
img_3353.jpg, 41
img_2815.jpg, 36
img_2613.jpg, 32
img_2166.jpg, 27
img_3681.jpg, 45
img_1968.jpg, 25
img_224.jpg, 3
img_54.jpg, 0
img_1396.jpg, 19
img_4667.jpg, 8
img_2137.jpg, 27
img_1999.jpg, 26
img_273.jpg, 4
img_4704.jpg, 3
img_1821.jpg, 24
img_4576.jpg, 19
img_4079.jpg, 49
img_2287.jpg, 29
img_430.jpg, 5
img_1795.jpg, 24
img_3478.jpg, 43
img_3064.jpg, 39
img_2807.jpg, 36
img_2070.jpg, 27
img_961.jpg, 13
img_3621.jpg, 44
img_2159.jpg, 27
img_1149.jpg, 15
img_2802.jpg, 36
img_16.jpg, 0
img_4527.jpg, 22
img_860.jpg, 12
img_4729.jpg, 3
img_2791.jpg, 35
img_2288.jpg, 29
img_347.jpg, 5
img_2438.jpg, 31
img_3785.jpg, 45
img_284.jpg, 4
img_1561.jpg, 21
img_1545.jpg, 21
img_2520.jpg, 32
img_2155.jpg, 27
img_490.jpg, 6
img_4596.jpg, 2
img_241.jpg, 4
img_950.jpg, 13
img_85.jpg, 1
img_4750.jpg, 11
img_4081.jpg, 49
img_4392.jpg, 53
img_3666.jpg, 45
img_74.jpg, 1
img_3485.jpg, 43
img_916.jpg, 13
img_2688.jpg, 34
img_2283.jpg, 29
img_2967.jpg, 37
img_2398.jpg, 31
img_3635.jpg, 44
img_2691.jpg, 34
img_1378.jpg, 19
img_721.jpg, 10
img_4224.jpg, 51
img_3397.jpg, 42
img_1460.jpg, 20
img_4101.jpg, 50
img_2145.jpg, 27
img_3845.jpg, 46
img_2218.jpg, 28
img_3840.jpg, 46
img_4028.jpg, 48
img_3045.jpg, 38
img_4482.jpg, 0
img_2025.jpg, 26
img_2337.jpg, 30
img_2472.jpg, 32
img_2441.jpg, 31
img_1702.jpg, 23
img_4506.jpg, 0
img_2221.jpg, 28
img_143.jpg, 2
img_1689.jpg, 23
img_2429.jpg, 31
img_3638.jpg, 44
img_1820.jpg, 24
img_2820.jpg, 36
img_2192.jpg, 28
img_2338.jpg, 30
img_3143.jpg, 39
img_2386.jpg, 31
img_2530.jpg, 32
img_1179.jpg, 15
img_952.jpg, 13
img_661.jpg, 9
img_4664.jpg, 8
img_1697.jpg, 23
img_870.jpg, 12
img_2596.jpg, 32
img_1513.jpg, 20
img_4751.jpg, 11
img_2958.jpg, 37
img_2054.jpg, 27
img_1794.jpg, 24
img_552.jpg, 7
img_520.jpg, 7
img_3141.jpg, 39
img_3898.jpg, 47
img_3934.jpg, 47
img_1037.jpg, 14
img_3465.jpg, 43
img_2591.jpg, 32
img_218.jpg, 3
img_197.jpg, 3
img_3683.jpg, 45
img_3565.jpg, 44
img_4683.jpg, 8
img_1127.jpg, 15
img_323.jpg, 5
img_567.jpg, 8
img_3944.jpg, 47
img_3707.jpg, 45
img_4225.jpg, 51
img_2259.jpg, 28
img_2372.jpg, 31
img_842.jpg, 12
img_2911.jpg, 36
img_2979.jpg, 37
img_1261.jpg, 17
img_4363.jpg, 52
img_3954.jpg, 47
img_2215.jpg, 28
img_607.jpg, 8
img_4730.jpg, 3
img_1150.jpg, 15
img_245.jpg, 4
img_4446.jpg, 53
img_201.jpg, 3
img_406.jpg, 5
img_3131.jpg, 39
img_4174.jpg, 50
img_2024.jpg, 26
img_688.jpg, 10
img_1635.jpg, 22
img_4485.jpg, 0
img_1426.jpg, 19
img_4215.jpg, 51
img_4069.jpg, 49
img_2153.jpg, 27
img_696.jpg, 10
img_4253.jpg, 51
img_309.jpg, 5
img_1564.jpg, 21
img_4433.jpg, 53
img_3276.jpg, 41
img_730.jpg, 10
img_885.jpg, 12
img_4624.jpg, 8
img_3791.jpg, 46
img_3751.jpg, 45
img_670.jpg, 10
img_681.jpg, 10
img_819.jpg, 11
img_2015.jpg, 26
img_4575.jpg, 19
img_55.jpg, 0
img_4640.jpg, 8
img_2582.jpg, 32
img_4618.jpg, 2
img_3696.jpg, 45
img_1515.jpg, 20
img_2427.jpg, 31
img_1079.jpg, 14
img_280.jpg, 4
img_3038.jpg, 38
img_3980.jpg, 47
img_2660.jpg, 33
img_3373.jpg, 42
img_3255.jpg, 40
img_4113.jpg, 50
img_581.jpg, 8
img_4265.jpg, 51
img_843.jpg, 12
img_1041.jpg, 14
img_2595.jpg, 32
img_2504.jpg, 32
img_4492.jpg, 0
img_4035.jpg, 48
img_626.jpg, 9
img_461.jpg, 6
img_3042.jpg, 38
img_2185.jpg, 27
img_750.jpg, 10
img_2622.jpg, 33
img_3742.jpg, 45
img_192.jpg, 3
img_68.jpg, 0
img_601.jpg, 8
img_1441.jpg, 20
img_39.jpg, 0
img_1498.jpg, 20
img_336.jpg, 5
img_3175.jpg, 39
img_649.jpg, 9
img_3762.jpg, 45
img_126.jpg, 2
img_233.jpg, 4
img_1787.jpg, 24
img_2749.jpg, 35
img_4475.jpg, 0
img_2723.jpg, 35
img_3144.jpg, 39
img_1804.jpg, 24
img_3491.jpg, 43
img_1631.jpg, 22
img_1789.jpg, 24
img_4249.jpg, 51
img_246.jpg, 4
img_2345.jpg, 30
img_2121.jpg, 27
img_2189.jpg, 27
img_732.jpg, 10
img_1017.jpg, 14
img_2200.jpg, 28
img_4345.jpg, 52
img_1012.jpg, 14
img_1578.jpg, 21
img_3117.jpg, 39
img_2122.jpg, 27
img_3760.jpg, 45
img_4662.jpg, 8
img_1094.jpg, 15
img_4023.jpg, 48
img_314.jpg, 5
img_3218.jpg, 40
img_3273.jpg, 41
img_3480.jpg, 43
img_2667.jpg, 34
img_4574.jpg, 19
img_1305.jpg, 17
img_15.jpg, 0
img_1367.jpg, 19
img_3236.jpg, 40
img_4103.jpg, 50
img_2068.jpg, 27
img_13.jpg, 0
img_1331.jpg, 18
img_908.jpg, 13
img_1952.jpg, 25
img_1592.jpg, 21
img_3576.jpg, 44
img_1478.jpg, 20
img_675.jpg, 10
img_1439.jpg, 20
img_517.jpg, 7
img_818.jpg, 11
img_4518.jpg, 22
img_1013.jpg, 14
img_2366.jpg, 30
img_386.jpg, 5
img_1923.jpg, 25
img_2806.jpg, 36
img_1645.jpg, 22
img_2367.jpg, 30
img_643.jpg, 9
img_4196.jpg, 51
img_1757.jpg, 24
img_2887.jpg, 36
img_3053.jpg, 38
img_161.jpg, 2
img_3634.jpg, 44
img_1088.jpg, 14
img_3891.jpg, 47
img_398.jpg, 5
img_2641.jpg, 33
img_1183.jpg, 15
img_2181.jpg, 27
img_655.jpg, 9
img_1525.jpg, 20
img_833.jpg, 12
img_244.jpg, 4
img_1647.jpg, 22
img_2296.jpg, 29
img_1802.jpg, 24
img_832.jpg, 12
img_3108.jpg, 39
img_3001.jpg, 37
img_3738.jpg, 45
img_4585.jpg, 2
img_369.jpg, 5
img_2743.jpg, 35
img_1504.jpg, 20
img_4468.jpg, 53
img_3600.jpg, 44
img_2460.jpg, 31
img_3790.jpg, 46
img_2008.jpg, 26
img_3049.jpg, 38
img_805.jpg, 11
img_4786.jpg, 11
img_2305.jpg, 29
img_3875.jpg, 46
img_378.jpg, 5
img_1286.jpg, 17
img_3086.jpg, 39
img_4027.jpg, 48
img_2764.jpg, 35
img_1218.jpg, 16
img_64.jpg, 0
img_1653.jpg, 22
img_3265.jpg, 41
img_4274.jpg, 51
img_2420.jpg, 31
img_2468.jpg, 31
img_4140.jpg, 50
img_2571.jpg, 32
img_4247.jpg, 51
img_3544.jpg, 44
img_2831.jpg, 36
img_3082.jpg, 39
img_1038.jpg, 14
img_2608.jpg, 32
img_4222.jpg, 51
img_3539.jpg, 44
img_740.jpg, 10
img_3130.jpg, 39
img_1964.jpg, 25
img_4581.jpg, 2
img_3075.jpg, 39
img_1949.jpg, 25
img_285.jpg, 4
img_4637.jpg, 8
img_2340.jpg, 30
img_3894.jpg, 47
img_2435.jpg, 31
img_2042.jpg, 26
img_1826.jpg, 24
img_385.jpg, 5
img_3766.jpg, 45
img_1938.jpg, 25
img_4603.jpg, 2
img_4105.jpg, 50
img_4716.jpg, 3
img_4195.jpg, 51
img_4755.jpg, 11
img_3807.jpg, 46
img_1221.jpg, 16
img_1671.jpg, 23
img_2680.jpg, 34
img_1436.jpg, 20
img_2792.jpg, 36
img_3264.jpg, 41
img_2832.jpg, 36
img_152.jpg, 2
img_1943.jpg, 25
img_704.jpg, 10
img_1782.jpg, 24
img_4690.jpg, 3
img_1391.jpg, 19
img_2029.jpg, 26
img_3815.jpg, 46
img_3582.jpg, 44
img_4332.jpg, 52
img_4473.jpg, 0
img_3590.jpg, 44
img_4508.jpg, 0
img_3820.jpg, 46
img_1521.jpg, 20
img_3627.jpg, 44
img_162.jpg, 2
img_288.jpg, 4
img_899.jpg, 12
img_3440.jpg, 43
img_331.jpg, 5
img_3890.jpg, 47
img_2716.jpg, 34
img_3214.jpg, 40
img_1681.jpg, 23
img_185.jpg, 3
img_3746.jpg, 45
img_3711.jpg, 45
img_1926.jpg, 25
img_3412.jpg, 43
img_4246.jpg, 51
img_3258.jpg, 40
img_2032.jpg, 26
img_1334.jpg, 18
img_2033.jpg, 26
img_3195.jpg, 40
img_1784.jpg, 24
img_1484.jpg, 20
img_3486.jpg, 43
img_1163.jpg, 15
img_1112.jpg, 15
img_4613.jpg, 2
img_3320.jpg, 41
img_23.jpg, 0
img_2553.jpg, 32
img_2332.jpg, 30
img_550.jpg, 7
img_2471.jpg, 32
img_1453.jpg, 20
img_4089.jpg, 50
img_3804.jpg, 46
img_1414.jpg, 19
img_2756.jpg, 35
img_2742.jpg, 35
img_4656.jpg, 8
img_4381.jpg, 53
img_4408.jpg, 53
img_2679.jpg, 34
img_4449.jpg, 53
img_3995.jpg, 48
img_4176.jpg, 50
img_2212.jpg, 28
img_3243.jpg, 40
img_2682.jpg, 34
img_123.jpg, 2
img_4501.jpg, 0
img_1811.jpg, 24
img_2053.jpg, 27
img_1456.jpg, 20
img_1123.jpg, 15
img_2720.jpg, 35
img_3127.jpg, 39
img_3133.jpg, 39
img_1779.jpg, 24
img_4190.jpg, 51
img_198.jpg, 3
img_4760.jpg, 11
img_4591.jpg, 2
img_1376.jpg, 19
img_1490.jpg, 20
img_3383.jpg, 42
img_3438.jpg, 43
img_3391.jpg, 42
img_1607.jpg, 22
img_3538.jpg, 44
img_2605.jpg, 32
img_1284.jpg, 17
img_3335.jpg, 41
img_3957.jpg, 47
img_1074.jpg, 14
img_383.jpg, 5
img_2922.jpg, 37
img_3032.jpg, 38
img_757.jpg, 10
img_3548.jpg, 44
img_3259.jpg, 40
img_3266.jpg, 41
img_2362.jpg, 30
img_2310.jpg, 29
img_4207.jpg, 51
img_3324.jpg, 41
img_2745.jpg, 35
img_4287.jpg, 52
img_4126.jpg, 50
img_2447.jpg, 31
img_1246.jpg, 16
img_4333.jpg, 52
img_4416.jpg, 53
img_1333.jpg, 18
img_2988.jpg, 37
img_2890.jpg, 36
img_2663.jpg, 33
img_2285.jpg, 29
img_4250.jpg, 51
img_946.jpg, 13
img_793.jpg, 11
img_2251.jpg, 28
img_4494.jpg, 0
img_980.jpg, 13
img_1296.jpg, 17
img_1936.jpg, 25
img_4558.jpg, 19
img_3847.jpg, 46
img_971.jpg, 13
img_2580.jpg, 32
img_1675.jpg, 23
img_2432.jpg, 31
img_4538.jpg, 22
img_2647.jpg, 33
img_3650.jpg, 45
img_4782.jpg, 11
img_4199.jpg, 51
img_1644.jpg, 22
img_2041.jpg, 26
img_387.jpg, 5
img_3275.jpg, 41
img_495.jpg, 7
img_263.jpg, 4
img_2415.jpg, 31
img_2418.jpg, 31
img_2210.jpg, 28
img_1430.jpg, 19
img_4631.jpg, 8
img_975.jpg, 13
img_2907.jpg, 36
img_4377.jpg, 53
img_523.jpg, 7
img_3268.jpg, 41
img_3111.jpg, 39
img_3472.jpg, 43
img_873.jpg, 12
img_4054.jpg, 48
img_2483.jpg, 32
img_4321.jpg, 52
img_4051.jpg, 48
img_1482.jpg, 20
img_4684.jpg, 3
img_4697.jpg, 3
img_4159.jpg, 50
img_4017.jpg, 48
img_2896.jpg, 36
img_4490.jpg, 0
img_408.jpg, 5
img_3420.jpg, 43
img_2635.jpg, 33
img_2219.jpg, 28
img_1166.jpg, 15
img_47.jpg, 0
img_151.jpg, 2
img_465.jpg, 6
img_1830.jpg, 24
img_929.jpg, 13
img_3109.jpg, 39
img_557.jpg, 7
img_535.jpg, 7
img_3866.jpg, 46
img_4566.jpg, 19
img_3516.jpg, 44
img_936.jpg, 13
img_2101.jpg, 27
img_1477.jpg, 20
img_19.jpg, 0
img_625.jpg, 9
img_3603.jpg, 44
img_2952.jpg, 37
img_685.jpg, 10
img_4197.jpg, 51
img_1050.jpg, 14
img_3349.jpg, 41
img_3901.jpg, 47
img_1341.jpg, 18
img_4080.jpg, 49
img_4308.jpg, 52
img_2454.jpg, 31
img_1283.jpg, 17
img_3514.jpg, 43
img_2456.jpg, 31
img_4586.jpg, 2
img_4520.jpg, 22
img_3828.jpg, 46
img_2047.jpg, 27
img_2099.jpg, 27
img_1816.jpg, 24
img_596.jpg, 8
img_904.jpg, 13
img_3974.jpg, 47
img_271.jpg, 4
img_2972.jpg, 37
img_4791.jpg, 11
img_3900.jpg, 47
img_4200.jpg, 51
img_3887.jpg, 47
img_854.jpg, 12
img_1505.jpg, 20
img_3678.jpg, 45
img_453.jpg, 6
img_3139.jpg, 39
img_3591.jpg, 44
img_2402.jpg, 31
img_2369.jpg, 30
img_4540.jpg, 22
img_3389.jpg, 42
img_4590.jpg, 2
img_1126.jpg, 15
img_4040.jpg, 48
img_898.jpg, 12
img_871.jpg, 12
img_919.jpg, 13
img_4382.jpg, 53
img_1004.jpg, 14
img_4703.jpg, 3
img_2022.jpg, 26
img_3452.jpg, 43
img_2655.jpg, 33
img_931.jpg, 13
img_3132.jpg, 39
img_2512.jpg, 32
img_4116.jpg, 50
img_4719.jpg, 3
img_1125.jpg, 15
img_4316.jpg, 52
img_1170.jpg, 15
img_519.jpg, 7
img_4512.jpg, 22
img_1253.jpg, 16
img_4193.jpg, 51
img_4571.jpg, 19
img_679.jpg, 10
img_2620.jpg, 33
img_4466.jpg, 53
img_2894.jpg, 36
img_1159.jpg, 15
img_4309.jpg, 52
img_2809.jpg, 36
img_440.jpg, 6
img_4379.jpg, 53
img_2560.jpg, 32
img_4680.jpg, 8
img_663.jpg, 9
img_3400.jpg, 42
img_1463.jpg, 20
img_3395.jpg, 42
img_2385.jpg, 31
img_3158.jpg, 39
img_2748.jpg, 35
img_4186.jpg, 51
img_2969.jpg, 37
img_2475.jpg, 32
img_3863.jpg, 46
img_1448.jpg, 20
img_1951.jpg, 25
img_3990.jpg, 47
img_823.jpg, 11
img_4324.jpg, 52
img_48.jpg, 0
img_553.jpg, 7
img_2031.jpg, 26
img_3298.jpg, 41
img_2426.jpg, 31
img_4459.jpg, 53
img_2909.jpg, 36
img_1745.jpg, 24
img_2684.jpg, 34
img_536.jpg, 7
img_756.jpg, 10
img_2127.jpg, 27
img_526.jpg, 7
img_4145.jpg, 50
img_3030.jpg, 38
img_4169.jpg, 50
img_1691.jpg, 23
img_4678.jpg, 8
img_2854.jpg, 36
img_4355.jpg, 52
img_2107.jpg, 27
img_4053.jpg, 48
img_339.jpg, 5
img_4649.jpg, 8
img_229.jpg, 4
img_2567.jpg, 32
img_2773.jpg, 35
img_865.jpg, 12
img_4192.jpg, 51
img_2071.jpg, 27
img_4738.jpg, 3
img_1526.jpg, 20
img_3292.jpg, 41
img_2123.jpg, 27
img_1073.jpg, 14
img_3613.jpg, 44
img_173.jpg, 2
img_4086.jpg, 49
img_2176.jpg, 27
img_3643.jpg, 45
img_3390.jpg, 42
img_2589.jpg, 32
img_736.jpg, 10
img_1686.jpg, 23
img_322.jpg, 5
img_3992.jpg, 48
img_546.jpg, 7
img_538.jpg, 7
img_2985.jpg, 37
img_4212.jpg, 51
img_1721.jpg, 24
img_310.jpg, 5
img_7.jpg, 0
img_2942.jpg, 37
img_481.jpg, 6
img_808.jpg, 11
img_4177.jpg, 50
img_1234.jpg, 16
img_3246.jpg, 40
img_2209.jpg, 28
img_4481.jpg, 0
img_3136.jpg, 39
img_3155.jpg, 39
img_1803.jpg, 24
img_208.jpg, 3
img_1075.jpg, 14
img_4127.jpg, 50
img_3831.jpg, 46
img_3557.jpg, 44
img_3979.jpg, 47
img_4216.jpg, 51
img_4166.jpg, 50
img_3061.jpg, 38
img_3355.jpg, 41
img_4448.jpg, 53
img_2939.jpg, 37
img_148.jpg, 2
img_2770.jpg, 35
img_576.jpg, 8
img_2572.jpg, 32
img_3179.jpg, 39
img_262.jpg, 4
img_3768.jpg, 45
img_4016.jpg, 48
img_367.jpg, 5
img_945.jpg, 13
img_1091.jpg, 15
img_3993.jpg, 48
img_2843.jpg, 36
img_3090.jpg, 39
img_4329.jpg, 52
img_3605.jpg, 44
img_1567.jpg, 21
img_2002.jpg, 26
img_4387.jpg, 53
img_2269.jpg, 28
img_2275.jpg, 28
img_3534.jpg, 44
img_1674.jpg, 23
img_988.jpg, 13
img_404.jpg, 5
img_3417.jpg, 43
img_2920.jpg, 37
img_1410.jpg, 19
img_3750.jpg, 45
img_3578.jpg, 44
img_2495.jpg, 32
img_3439.jpg, 43
img_673.jpg, 10
img_902.jpg, 13
img_293.jpg, 4
img_3834.jpg, 46
img_2788.jpg, 35
img_4163.jpg, 50
img_1819.jpg, 24
img_4489.jpg, 0
img_3879.jpg, 47
img_384.jpg, 5
img_416.jpg, 5
img_3673.jpg, 45
img_2490.jpg, 32
img_1263.jpg, 17
img_2423.jpg, 31
img_886.jpg, 12
img_2129.jpg, 27
img_4339.jpg, 52
img_1240.jpg, 16
img_2400.jpg, 31
img_2254.jpg, 28
img_2331.jpg, 30
img_2651.jpg, 33
img_2485.jpg, 32
img_2839.jpg, 36
img_4285.jpg, 52
img_1321.jpg, 18
img_3536.jpg, 44
img_3388.jpg, 42
img_405.jpg, 5
img_3123.jpg, 39
img_1194.jpg, 15
img_3065.jpg, 39
img_4218.jpg, 51
img_897.jpg, 12
img_1627.jpg, 22
img_4623.jpg, 8
img_622.jpg, 9
img_3079.jpg, 39
img_1506.jpg, 20
img_777.jpg, 11
img_4104.jpg, 50
img_937.jpg, 13
img_781.jpg, 11
img_2249.jpg, 28
img_2298.jpg, 29
img_1128.jpg, 15
img_2371.jpg, 31
img_2491.jpg, 32
img_1062.jpg, 14
img_2799.jpg, 36
img_2644.jpg, 33
img_4256.jpg, 51
img_807.jpg, 11
img_4115.jpg, 50
img_676.jpg, 10
img_4553.jpg, 19
img_3498.jpg, 43
img_4710.jpg, 3
img_4715.jpg, 3
img_17.jpg, 0
img_458.jpg, 6
img_2476.jpg, 32
img_4150.jpg, 50
img_2229.jpg, 28
img_1085.jpg, 14
img_2481.jpg, 32
img_1026.jpg, 14
img_3245.jpg, 40
img_3284.jpg, 41
img_3581.jpg, 44
img_3425.jpg, 43
img_4556.jpg, 19
img_2273.jpg, 28
img_3770.jpg, 45
img_573.jpg, 8
img_2282.jpg, 29
img_2541.jpg, 32
img_3645.jpg, 45
img_2642.jpg, 33
img_2374.jpg, 31
img_2448.jpg, 31
img_2547.jpg, 32
img_28.jpg, 0
img_2784.jpg, 35
img_658.jpg, 9
img_4343.jpg, 52
img_2704.jpg, 34
img_4536.jpg, 22
img_2991.jpg, 37
img_1134.jpg, 15
img_3855.jpg, 46
img_3959.jpg, 47
img_3348.jpg, 41
img_2614.jpg, 32
img_4260.jpg, 51
img_1063.jpg, 14
img_2080.jpg, 27
img_1768.jpg, 24
img_2814.jpg, 36
img_991.jpg, 13
img_3926.jpg, 47
img_3970.jpg, 47
img_1676.jpg, 23
img_933.jpg, 13
img_3971.jpg, 47
img_682.jpg, 10
img_1732.jpg, 24
img_2875.jpg, 36
img_855.jpg, 12
img_716.jpg, 10
img_565.jpg, 8
img_2996.jpg, 37
img_665.jpg, 10
img_1994.jpg, 26
img_3031.jpg, 38
img_41.jpg, 0
img_4288.jpg, 52
img_1302.jpg, 17
img_4.jpg, 0
img_1717.jpg, 24
img_2552.jpg, 32
img_2174.jpg, 27
img_1121.jpg, 15
img_2179.jpg, 27
img_3147.jpg, 39
img_1306.jpg, 17
img_3640.jpg, 44
img_4299.jpg, 52
img_265.jpg, 4
img_1322.jpg, 18
img_3525.jpg, 44
img_4338.jpg, 52
img_2908.jpg, 36
img_4784.jpg, 11
img_2056.jpg, 27
img_3476.jpg, 43
img_3151.jpg, 39
img_4511.jpg, 22
img_3163.jpg, 39
img_3964.jpg, 47
img_5.jpg, 0
img_978.jpg, 13
img_2317.jpg, 29
img_4209.jpg, 51
img_3531.jpg, 44
img_3326.jpg, 41
img_4769.jpg, 11
img_758.jpg, 10
img_470.jpg, 6
img_3842.jpg, 46
img_1027.jpg, 14
img_3674.jpg, 45
img_1300.jpg, 17
img_3897.jpg, 47
img_4551.jpg, 22
img_543.jpg, 7
img_892.jpg, 12
img_1413.jpg, 19
img_742.jpg, 10
img_4665.jpg, 8
img_4231.jpg, 51
img_3186.jpg, 39
img_3429.jpg, 43
img_3283.jpg, 41
img_1065.jpg, 14
img_2738.jpg, 35
img_613.jpg, 9
img_2264.jpg, 28
img_4109.jpg, 50
img_2853.jpg, 36
img_4621.jpg, 8
img_3629.jpg, 44
img_4293.jpg, 52
img_4759.jpg, 11
img_3441.jpg, 43
img_2898.jpg, 36
img_1822.jpg, 24
img_4560.jpg, 19
img_2925.jpg, 37
img_3682.jpg, 45
img_813.jpg, 11
img_3773.jpg, 45
img_1626.jpg, 22
img_4682.jpg, 8
img_3788.jpg, 45
img_763.jpg, 10
img_3552.jpg, 44
img_3816.jpg, 46
img_3337.jpg, 41
img_35.jpg, 0
img_4403.jpg, 53
img_3777.jpg, 45
img_1108.jpg, 15
img_2131.jpg, 27
img_1140.jpg, 15
img_425.jpg, 5
img_3987.jpg, 47
img_1570.jpg, 21
img_3670.jpg, 45
img_3859.jpg, 46
img_1565.jpg, 21
img_4072.jpg, 49
img_1611.jpg, 22
img_2451.jpg, 31
img_3697.jpg, 45
img_3372.jpg, 42
img_488.jpg, 6
img_2005.jpg, 26
img_1510.jpg, 20
img_4702.jpg, 3
img_1217.jpg, 16
img_4429.jpg, 53
img_2956.jpg, 37
img_771.jpg, 10
img_4763.jpg, 11
img_4493.jpg, 0
img_4668.jpg, 8
img_4014.jpg, 48
img_2170.jpg, 27
img_3728.jpg, 45
img_2941.jpg, 37
img_298.jpg, 4
img_2416.jpg, 31
img_678.jpg, 10
img_66.jpg, 0
img_3332.jpg, 41
img_3528.jpg, 44
img_1219.jpg, 16
img_4437.jpg, 53
img_2457.jpg, 31
img_1001.jpg, 14
img_1480.jpg, 20
img_4774.jpg, 11
img_4413.jpg, 53
img_2405.jpg, 31
img_2281.jpg, 29
img_727.jpg, 10
img_4539.jpg, 22
img_3095.jpg, 39
img_774.jpg, 10
img_67.jpg, 0
img_719.jpg, 10
img_1385.jpg, 19
img_444.jpg, 6
img_137.jpg, 2
img_2027.jpg, 26
img_4144.jpg, 50
img_1086.jpg, 14
img_1319.jpg, 18
img_3699.jpg, 45
img_4584.jpg, 2
img_4399.jpg, 53
img_57.jpg, 0
img_2163.jpg, 27
img_4781.jpg, 11
img_4641.jpg, 8
img_1058.jpg, 14
img_4542.jpg, 22
img_1748.jpg, 24
img_1324.jpg, 18
img_2188.jpg, 27
img_2241.jpg, 28
img_2157.jpg, 27
img_791.jpg, 11
img_1371.jpg, 19
img_4499.jpg, 0
img_1684.jpg, 23
img_112.jpg, 2
img_1773.jpg, 24
img_985.jpg, 13
img_4600.jpg, 2
img_2554.jpg, 32
img_3411.jpg, 43
img_2681.jpg, 34
img_528.jpg, 7
img_2205.jpg, 28
img_1003.jpg, 14
img_1605.jpg, 22
img_1314.jpg, 18
img_4012.jpg, 48
img_4619.jpg, 2
img_2584.jpg, 32
img_759.jpg, 10
img_410.jpg, 5
img_1106.jpg, 15
img_4592.jpg, 2
img_3677.jpg, 45
img_2462.jpg, 31
img_1242.jpg, 16
img_4454.jpg, 53
img_4654.jpg, 8
img_3599.jpg, 44
img_3779.jpg, 45
img_3586.jpg, 44
img_1030.jpg, 14
img_3184.jpg, 39
img_1538.jpg, 20
img_1963.jpg, 25
img_1045.jpg, 14
img_3905.jpg, 47
img_1726.jpg, 24
img_250.jpg, 4
img_987.jpg, 13
img_934.jpg, 13
img_1270.jpg, 17
img_3841.jpg, 46
img_1113.jpg, 15
img_26.jpg, 0
img_644.jpg, 9
img_49.jpg, 0
img_4289.jpg, 52
img_2227.jpg, 28
img_4692.jpg, 3
img_4675.jpg, 8
img_4434.jpg, 53
img_1523.jpg, 20
img_1181.jpg, 15
img_508.jpg, 7
img_315.jpg, 5
img_3500.jpg, 43
img_3617.jpg, 44
img_2703.jpg, 34
img_1496.jpg, 20
img_804.jpg, 11
img_810.jpg, 11
img_3973.jpg, 47
img_1415.jpg, 19
img_1649.jpg, 22
img_3092.jpg, 39
img_3056.jpg, 38
img_3156.jpg, 39
img_2224.jpg, 28
img_2692.jpg, 34
img_3018.jpg, 38
img_3598.jpg, 44
img_319.jpg, 5
img_1512.jpg, 20
img_4422.jpg, 53
img_286.jpg, 4
img_1279.jpg, 17
img_1828.jpg, 24
img_4635.jpg, 8
img_3343.jpg, 41
img_1646.jpg, 22
img_4414.jpg, 53
img_2823.jpg, 36
img_1216.jpg, 16
img_4698.jpg, 3
img_1584.jpg, 21
img_195.jpg, 3
img_4395.jpg, 53
img_2508.jpg, 32
img_4579.jpg, 19
img_4628.jpg, 8
img_4132.jpg, 50
img_1210.jpg, 15
img_3877.jpg, 46
img_590.jpg, 8
img_2213.jpg, 28
img_2844.jpg, 36
img_2204.jpg, 28
img_2521.jpg, 32
img_2392.jpg, 31
img_2100.jpg, 27
img_2519.jpg, 32
img_2328.jpg, 30
img_1096.jpg, 15
img_695.jpg, 10
img_4160.jpg, 50
img_1332.jpg, 18
img_4061.jpg, 48
img_1996.jpg, 26
img_554.jpg, 7
img_3050.jpg, 38
img_2156.jpg, 27
img_4252.jpg, 51
img_4295.jpg, 52
img_4463.jpg, 53
img_172.jpg, 2
img_373.jpg, 5
img_2167.jpg, 27
img_110.jpg, 1
img_468.jpg, 6
img_4691.jpg, 3
img_1247.jpg, 16
img_4476.jpg, 0
img_1751.jpg, 24
img_712.jpg, 10
img_1791.jpg, 24
img_1182.jpg, 15
img_960.jpg, 13
img_3282.jpg, 41
img_1237.jpg, 16
img_3503.jpg, 43
img_4302.jpg, 52
img_4685.jpg, 3
img_357.jpg, 5
img_910.jpg, 13
img_2627.jpg, 33
img_1824.jpg, 24
img_3430.jpg, 43
img_61.jpg, 0
img_4688.jpg, 3
img_3408.jpg, 43
img_1168.jpg, 15
img_388.jpg, 5
img_163.jpg, 2
img_621.jpg, 9
img_2142.jpg, 27
img_2326.jpg, 30
img_1959.jpg, 25
img_518.jpg, 7
img_921.jpg, 13
img_1202.jpg, 15
img_1489.jpg, 20
img_4666.jpg, 8
img_1351.jpg, 18
img_664.jpg, 9
img_3743.jpg, 45
img_390.jpg, 5
img_1625.jpg, 22
img_130.jpg, 2
img_1354.jpg, 18
img_1252.jpg, 16
img_4617.jpg, 2
img_1661.jpg, 23
img_4187.jpg, 51
img_4491.jpg, 0
img_4243.jpg, 51
img_4153.jpg, 50
img_257.jpg, 4
img_4052.jpg, 48
img_510.jpg, 7
img_4347.jpg, 52
img_3546.jpg, 44
img_803.jpg, 11
img_2768.jpg, 35
img_78.jpg, 1
img_1373.jpg, 19
img_222.jpg, 3
img_3350.jpg, 41
img_965.jpg, 13
img_4275.jpg, 51
img_1323.jpg, 18
img_2976.jpg, 37
img_3377.jpg, 42
img_2062.jpg, 27
img_3212.jpg, 40
img_196.jpg, 3
img_744.jpg, 10
img_1474.jpg, 20
img_852.jpg, 12
img_3515.jpg, 43
img_872.jpg, 12
img_1258.jpg, 17
img_177.jpg, 2
img_3792.jpg, 46
img_1457.jpg, 20
img_3867.jpg, 46
img_3741.jpg, 45
img_2030.jpg, 26
img_2817.jpg, 36
img_4189.jpg, 51
img_2623.jpg, 33
img_4757.jpg, 11
img_2018.jpg, 26
img_3309.jpg, 41
img_4546.jpg, 22
img_1122.jpg, 15
img_3257.jpg, 40
img_3880.jpg, 47
img_1389.jpg, 19
img_2120.jpg, 27
img_2830.jpg, 36
img_2130.jpg, 27
img_1539.jpg, 20
img_3170.jpg, 39
img_4457.jpg, 53
img_4021.jpg, 48
img_4616.jpg, 2
img_1056.jpg, 14
img_348.jpg, 5
img_1636.jpg, 22
img_737.jpg, 10
img_349.jpg, 5
img_582.jpg, 8
img_4315.jpg, 52
img_4669.jpg, 8
img_2618.jpg, 32
img_1169.jpg, 15
img_352.jpg, 5
img_1470.jpg, 20
img_76.jpg, 1
img_3656.jpg, 45
img_1132.jpg, 15
img_4242.jpg, 51
img_1158.jpg, 15
img_3054.jpg, 38
img_1563.jpg, 21
img_1259.jpg, 17
img_179.jpg, 2
img_1016.jpg, 14
img_1139.jpg, 15
img_485.jpg, 6
img_4723.jpg, 3
img_2143.jpg, 27
img_3469.jpg, 43
img_4648.jpg, 8
img_1129.jpg, 15
img_2292.jpg, 29
img_1092.jpg, 15
img_1639.jpg, 22
img_3035.jpg, 38
img_1945.jpg, 25
img_4503.jpg, 0
img_2902.jpg, 36
img_2261.jpg, 28
img_3723.jpg, 45
img_979.jpg, 13
img_1105.jpg, 15
img_1020.jpg, 14
img_3443.jpg, 43
img_497.jpg, 7
img_2315.jpg, 29
img_4720.jpg, 3
img_2861.jpg, 36
img_4599.jpg, 2
img_4156.jpg, 50
img_4015.jpg, 48
img_3647.jpg, 45
img_3700.jpg, 45
img_4772.jpg, 11
img_2868.jpg, 36
img_305.jpg, 4
img_368.jpg, 5
img_4504.jpg, 0
img_1568.jpg, 21
img_2533.jpg, 32
img_4373.jpg, 53
img_3883.jpg, 47
img_109.jpg, 1
img_1394.jpg, 19
img_1654.jpg, 22
img_1499.jpg, 20
img_4136.jpg, 50
img_3663.jpg, 45
img_1205.jpg, 15
img_659.jpg, 9
img_2113.jpg, 27
img_903.jpg, 13
img_1581.jpg, 21
img_2132.jpg, 27
img_4032.jpg, 48
img_2421.jpg, 31
img_2206.jpg, 28
img_2422.jpg, 31
img_4143.jpg, 50
img_2851.jpg, 36
img_1289.jpg, 17
img_4365.jpg, 53
img_4740.jpg, 3
img_3749.jpg, 45
img_3803.jpg, 46
img_3835.jpg, 46
img_2669.jpg, 34
img_3594.jpg, 44
img_2869.jpg, 36
img_2439.jpg, 31
img_4614.jpg, 2
img_4078.jpg, 49
img_637.jpg, 9
img_3519.jpg, 44
img_2135.jpg, 27
img_4461.jpg, 53
img_2370.jpg, 31
img_4747.jpg, 11
img_165.jpg, 2
img_4340.jpg, 52
img_1755.jpg, 24
img_2091.jpg, 27
img_3329.jpg, 41
img_1979.jpg, 26
img_1932.jpg, 25
img_749.jpg, 10
img_219.jpg, 3
img_11.jpg, 0
img_2036.jpg, 26
img_4787.jpg, 11
img_1190.jpg, 15
img_610.jpg, 8
img_4425.jpg, 53
img_660.jpg, 9
img_2677.jpg, 34
img_180.jpg, 3
img_969.jpg, 13
img_3176.jpg, 39
img_190.jpg, 3
img_3196.jpg, 40
img_259.jpg, 4
img_1531.jpg, 20
img_3159.jpg, 39
img_1271.jpg, 17
img_1010.jpg, 14
img_2992.jpg, 37
img_3630.jpg, 44
img_3126.jpg, 39
img_1278.jpg, 17
img_2277.jpg, 28
img_228.jpg, 3
img_4307.jpg, 52
img_1043.jpg, 14
img_2198.jpg, 28
img_4185.jpg, 51
img_2076.jpg, 27
img_4203.jpg, 51
img_1976.jpg, 26
img_1698.jpg, 23
img_3289.jpg, 41
img_4706.jpg, 3
img_4764.jpg, 11
img_63.jpg, 0
img_2718.jpg, 34
img_3182.jpg, 39
img_3226.jpg, 40
img_4748.jpg, 11
img_2467.jpg, 31
img_3418.jpg, 43
img_530.jpg, 7
img_4522.jpg, 22
img_1119.jpg, 15
img_277.jpg, 4
img_2111.jpg, 27
img_2201.jpg, 28
img_4728.jpg, 3
img_318.jpg, 5
img_1238.jpg, 16
img_4634.jpg, 8
img_3765.jpg, 45
img_2714.jpg, 34
img_230.jpg, 4
img_443.jpg, 6
img_1362.jpg, 19
img_120.jpg, 2
img_1381.jpg, 19
img_4300.jpg, 52
img_4670.jpg, 8
img_2173.jpg, 27
img_1701.jpg, 23
img_4447.jpg, 53
img_761.jpg, 10
img_4625.jpg, 8
img_1619.jpg, 22
img_1662.jpg, 23
img_3463.jpg, 43
img_2726.jpg, 35
img_4509.jpg, 0
img_4604.jpg, 2
img_1947.jpg, 25
